date,station,target,pred_model,pred_no_fires,pred_persistence,pred_cams
2025-02-19,rohini,104.51428571428572,54.37394017061455,58.55736536835934,88.65714285714286,39.92857142857143
2025-02-20,rohini,94.01428571428572,95.4378754477732,83.50999030612878,104.51428571428572,58.34285714285714
2025-02-21,rohini,55.72857142857144,72.5812294959498,74.11396758782386,94.01428571428572,52.68571428571429
2025-02-22,rohini,85.08571428571429,46.78842154552929,50.41768306149686,55.72857142857144,50.34285714285715
2025-02-23,rohini,99.72857142857144,102.93435037931864,94.5013888070715,85.08571428571429,64.95714285714286
2025-02-24,rohini,130.5857142857143,112.33563064429866,120.97858316509868,99.72857142857144,75.31428571428572
2025-02-25,rohini,159.0,142.2172234508692,150.49548008013792,130.5857142857143,75.18571428571428
2025-02-26,rohini,50.82857142857143,97.08582345124059,106.15682141525093,159.0,50.12857142857143
2025-02-27,rohini,61.24285714285714,46.61473501002813,46.60611554972356,50.82857142857143,42.51428571428572
2025-02-28,rohini,43.9,61.76066622789788,60.28885265016996,61.24285714285714,52.957142857142856
2025-03-01,rohini,47.785714285714285,61.791758085943066,62.76161083229168,43.9,54.871428571428574
2025-03-02,rohini,93.11428571428571,75.49962146304172,66.94438514045673,47.785714285714285,45.07142857142857
2025-03-03,rohini,83.65714285714286,73.21681023864184,72.1472887924813,93.11428571428571,75.15714285714286
2025-03-04,rohini,32.1,64.99170264169625,66.75546004375296,83.65714285714286,117.17142857142858
2025-03-05,rohini,53.21428571428572,41.210169146104256,38.8352332698858,32.1,89.02857142857144
2025-03-06,rohini,110.37142857142858,70.54543451622872,73.9068767982227,53.21428571428572,53.22857142857144
2025-03-07,rohini,79.39999999999999,89.55366548690128,90.17115413313486,110.37142857142858,60.42857142857143
2025-03-08,rohini,129.68571428571428,111.8603373561794,102.7616432139684,79.39999999999999,85.0
2025-03-09,rohini,151.68571428571428,76.19038099732937,83.20127627813025,129.68571428571428,73.07142857142857
2025-03-10,rohini,213.7142857142857,153.08454448471005,153.5495652684687,151.68571428571428,75.12857142857142
2025-03-11,rohini,78.8,115.36862963354599,115.26901578505779,213.7142857142857,64.91428571428571
2025-03-12,rohini,112.54285714285712,83.96609739044058,85.63013576419448,78.8,61.41428571428571
2025-03-13,rohini,131.15714285714287,114.72980337479119,118.00831156281723,112.54285714285712,71.72857142857143
2025-03-14,rohini,13.971428571428572,76.52874389352233,79.5803087355688,131.15714285714287,45.91428571428571
2025-03-15,rohini,42.7,49.5651399618954,44.446918466597616,13.971428571428572,39.44285714285714
2025-03-16,rohini,56.18571428571429,65.05605926241168,60.8336086502649,42.7,58.32857142857143
2025-03-17,rohini,47.614285714285714,68.01784205947645,67.46484994800565,56.18571428571429,52.74285714285714
2025-03-18,rohini,117.75714285714284,78.93356112398112,76.40373677232313,47.614285714285714,50.457142857142856
2025-03-19,rohini,111.28571428571428,99.01660369849326,101.216033082253,117.75714285714284,42.67142857142857
2025-03-20,rohini,74.01428571428572,81.48911599809455,89.70781620515658,111.28571428571428,57.01428571428572
2025-03-21,rohini,106.84285714285714,80.05608043110868,83.61792601349438,74.01428571428572,53.41428571428571
2025-03-22,rohini,109.04285714285712,99.35184484598389,97.71945515008676,106.84285714285714,63.51428571428572
2025-03-23,rohini,142.25714285714284,113.2480473431899,111.86846485579248,109.04285714285712,71.21428571428571
2025-03-24,rohini,159.25714285714284,107.08798461785007,113.10742370486155,142.25714285714284,69.58571428571429
2025-03-25,rohini,123.61428571428571,108.92207247881461,113.2965167404851,159.25714285714284,69.42857142857143
2025-03-26,rohini,154.5142857142857,113.08795700034808,114.55851154693028,123.61428571428571,70.21428571428571
2025-03-27,rohini,41.02857142857143,97.08712899875387,85.36858666202517,154.5142857142857,83.14285714285714
2025-03-28,rohini,42.74285714285714,60.23071119017311,51.163513035769235,41.02857142857143,112.67142857142858
2025-03-29,rohini,38.68571428571429,57.65198999839385,54.07598449122267,42.74285714285714,77.3
2025-03-30,rohini,112.31428571428572,78.91325117406494,73.78085107756634,38.68571428571429,48.05714285714286
2025-03-31,rohini,70.44285714285715,85.06347779930324,85.8888092296136,112.31428571428572,56.371428571428574
2025-04-01,rohini,168.58571428571426,85.00036953738736,89.19048275965716,70.44285714285715,48.67142857142857
2025-04-02,rohini,102.72857142857144,121.33106744836228,123.39788517462051,168.58571428571426,47.04285714285714
2025-04-03,rohini,84.58571428571429,112.44386467881289,114.19975770002843,102.72857142857144,46.62857142857143
2025-04-04,rohini,66.01666666666667,77.22777790184509,76.32059082208808,84.58571428571429,69.8
2025-04-05,rohini,139.44285714285715,70.77271577444333,74.09491905083692,66.01666666666667,38.957142857142856
2025-04-12,rohini,74.22857142857143,80.42107036472733,77.51740095955687,50.271428571428565,61.957142857142856
2025-04-13,rohini,104.54285714285712,74.02583043044484,70.19962598852464,74.22857142857143,81.07142857142857
2025-04-15,rohini,62.64,90.80571152867502,84.29179324639631,89.34285714285714,76.22857142857143
2025-04-17,rohini,83.2,70.25598393864273,74.80896332751247,56.67142857142857,77.98571428571428
2025-04-18,rohini,67.2,60.61349142903142,59.20590716816679,83.2,109.12857142857142
2025-04-19,rohini,54.41428571428571,48.032717691614295,47.087555824166124,67.2,107.65714285714286
2025-04-20,rohini,94.08571428571427,62.52656111481894,61.770752976326406,54.41428571428571,82.8
2025-04-21,rohini,118.94285714285716,70.11008696524871,66.92529557628382,94.08571428571427,73.32857142857142
2025-04-22,rohini,133.68571428571428,75.35197198933962,79.78028371528207,118.94285714285716,67.94285714285715
2025-04-23,rohini,124.27142857142856,88.53074835805191,102.98920278677811,133.68571428571428,54.385714285714286
2025-04-24,rohini,146.57142857142858,125.87428254016912,125.94614967522796,124.27142857142856,62.4
2025-04-25,rohini,221.1142857142857,127.06530329879338,125.70472545663058,146.57142857142858,37.94285714285714
2025-04-26,rohini,117.51428571428572,115.06202595617607,100.33210127000038,221.1142857142857,73.12857142857142
2025-04-27,rohini,148.42857142857142,110.96873793644913,102.82611208641187,117.51428571428572,78.15714285714286
2025-04-28,rohini,57.371428571428574,84.74221305582472,66.63157813866597,148.42857142857142,93.14285714285714
2025-04-29,rohini,77.95714285714287,72.64591074888912,57.07250323440828,57.371428571428574,73.77142857142857
2025-04-30,rohini,85.87142857142858,69.88911830083586,62.036484078538564,77.95714285714287,79.27142857142857
2025-05-02,rohini,104.72857142857144,56.64596906658188,56.981234931957324,56.73846153846154,74.39999999999999
2025-05-03,rohini,114.9,84.18485404749256,88.85985138110792,104.72857142857144,91.65714285714286
2025-05-04,rohini,41.01428571428572,92.3330312803604,78.88550395827765,114.9,66.28571428571429
2025-05-05,rohini,84.78571428571429,51.01590714849509,49.70343226054487,41.01428571428572,72.34285714285714
2025-05-06,rohini,73.32857142857142,64.54688926155342,53.25588221557972,84.78571428571429,63.94285714285714
2025-05-07,rohini,84.32857142857142,81.31964067560745,65.84010456282377,73.32857142857142,65.51428571428572
2025-05-08,rohini,87.21428571428571,88.23160539283873,74.38591923557725,84.32857142857142,51.4
2025-05-09,rohini,122.97142857142856,91.85162415655118,75.84257375499256,87.21428571428571,52.17142857142857
2025-05-10,rohini,56.08571428571429,131.16592596430945,104.2603158030038,122.97142857142856,53.7
2025-05-11,rohini,63.41428571428571,80.6075344097406,65.91720392555662,56.08571428571429,82.04285714285713
2025-05-12,rohini,56.5,71.45852027988057,62.28911961386501,63.41428571428571,72.24285714285715
2025-05-13,rohini,64.65714285714286,68.79386516879627,59.265945341828306,56.5,80.10000000000001
2025-05-14,rohini,342.1857142857143,91.73926873345833,79.05523218696604,64.65714285714286,63.21428571428572
2025-05-15,rohini,96.87142857142858,142.9261266579513,118.94899143753847,342.1857142857143,70.55714285714285
2025-05-16,rohini,95.01428571428572,112.1694653629523,90.30690944909985,96.87142857142858,73.68571428571428
2025-05-17,rohini,77.51428571428572,92.45859500957035,75.46141933938262,95.01428571428572,71.24285714285715
2025-05-18,rohini,78.27142857142857,68.12889384667793,62.81675604734509,77.51428571428572,101.37142857142858
2025-05-19,rohini,67.01428571428572,77.27586232627677,77.91219690906681,78.27142857142857,118.48571428571428
2025-05-20,rohini,75.27142857142857,85.25913078412371,73.16637988034793,67.01428571428572,112.54285714285712
2025-05-28,rohini,79.72857142857143,72.42514281020819,66.33596408029025,70.00999999999999,81.21428571428571
2025-05-29,rohini,67.52857142857142,80.44811563072777,67.57654154589969,79.72857142857143,94.82857142857142
2025-05-30,rohini,136.94285714285715,71.23397713992804,71.95221164157704,67.52857142857142,127.4
2025-05-31,rohini,60.41428571428571,67.72479660846066,70.89231889736523,136.94285714285715,87.0
2025-06-01,rohini,48.885714285714286,70.04683961838887,72.85338935837746,60.41428571428571,75.91428571428571
2025-06-04,rohini,87.37142857142858,69.06260418269225,65.69724039035873,61.271428571428565,128.3857142857143
2025-06-05,rohini,52.44285714285714,92.57328218048944,88.21755053144967,87.37142857142858,83.24285714285715
2025-06-06,rohini,63.84285714285714,63.68401968005205,60.59070429951818,52.44285714285714,69.27142857142857
2025-06-07,rohini,62.8,70.44098671529827,69.60927326039992,63.84285714285714,90.51428571428572
2025-06-08,rohini,103.14285714285714,72.55128474222523,66.57597883987623,62.8,97.92857142857144
2025-06-09,rohini,56.08571428571429,74.25869364689113,71.37366225924431,103.14285714285714,87.08571428571429
2025-06-10,rohini,59.971428571428575,80.24520465842983,80.83636063593536,56.08571428571429,97.32857142857144
2025-06-11,rohini,84.48571428571428,62.81465583208661,61.79413521116674,59.971428571428575,120.51428571428572
2025-06-12,rohini,65.41428571428571,55.92355131601694,58.19113934367517,84.48571428571428,110.22857142857144
2025-06-13,rohini,49.0,64.30200351241383,62.490006274505625,65.41428571428571,88.87142857142858
2025-06-14,rohini,30.85,49.55849375236452,53.108605303014315,49.0,93.8
2025-06-16,rohini,53.885714285714286,55.191223149750094,56.311879224266185,47.12857142857143,42.34285714285714
2025-06-17,rohini,44.957142857142856,51.110748014495606,48.97179916702812,53.885714285714286,28.057142857142857
2025-06-18,rohini,42.98571428571428,50.45646759289436,50.08915985456879,44.957142857142856,38.3
2025-06-19,rohini,37.41428571428571,31.140080674090154,32.060183582216766,42.98571428571428,22.014285714285712
2025-06-21,rohini,23.24285714285714,48.952627883684954,44.91341588897085,39.13333333333333,46.65714285714286
2025-06-22,rohini,66.57142857142857,51.54961377449225,46.70075034436629,23.24285714285714,60.34285714285714
2025-06-23,rohini,52.44285714285714,60.63510069064242,54.51686943947221,66.57142857142857,57.785714285714285
2025-06-26,rohini,24.957142857142856,38.37747225846812,40.68300525617418,30.057142857142857,30.75714285714286
2025-06-27,rohini,46.3,41.476817626148254,41.24957193051208,24.957142857142856,32.871428571428574
2025-06-28,rohini,43.44285714285714,45.34449833469012,43.425982593981,46.3,46.35714285714285
2025-07-01,rohini,19.314285714285717,39.24632118543563,42.23726087539176,28.17142857142857,32.285714285714285
2025-07-02,rohini,28.35,29.821332524762393,30.025741888246305,19.314285714285717,28.485714285714288
2025-07-03,rohini,21.52857142857143,34.425586003681225,36.519101220480295,28.35,31.5
2025-07-04,rohini,31.228571428571428,31.736625397049988,32.88229725995166,21.52857142857143,49.971428571428575
2025-07-05,rohini,18.242857142857144,39.845400202806275,41.81517708758097,31.228571428571428,62.2
2025-07-06,rohini,9.37142857142857,32.98536359162366,31.296053736877912,18.242857142857144,44.41428571428572
2025-07-07,rohini,36.2,22.56454749733809,21.539498042931132,9.37142857142857,51.41428571428571
2025-07-08,rohini,15.5,28.682564343095738,28.86228779799902,36.2,47.5
2025-07-09,rohini,22.32857142857143,29.23238239202824,30.16390956392315,15.5,42.6
2025-07-10,rohini,31.885714285714283,28.080430376748506,28.60200824683252,22.32857142857143,56.92857142857143
2025-07-11,rohini,25.3,34.65211283322962,35.957613682088784,31.885714285714283,52.457142857142856
2025-07-12,rohini,18.55,36.93806415875556,36.0904248668781,25.3,45.34285714285714
2025-07-13,rohini,14.46,22.595796142256248,22.647117990660885,18.55,32.05714285714286
2025-07-14,rohini,21.342857142857145,16.09549198904032,16.165511464269336,14.46,22.52857142857143
2025-07-15,rohini,35.3,21.30402159517163,22.415119537715242,21.342857142857145,40.81428571428571
2025-07-16,rohini,21.071428571428573,26.019686459859457,26.190832379527922,35.3,32.542857142857144
2025-07-17,rohini,22.52857142857143,23.07259311962737,22.27723529282115,21.071428571428573,35.01428571428571
2025-07-18,rohini,18.914285714285715,18.371323423368853,17.4543995825618,22.52857142857143,18.8
2025-07-19,rohini,16.914285714285715,22.778076828868667,22.950331073484815,18.914285714285715,45.4
2025-07-20,rohini,35.41428571428572,25.364619326792113,26.073631363601077,16.914285714285715,49.0
2025-07-21,rohini,41.25714285714286,28.03579377814243,29.348716054952682,35.41428571428572,52.02857142857143
2025-07-22,rohini,18.957142857142856,28.345125267366253,27.682537648830014,41.25714285714286,45.67142857142857
2025-07-23,rohini,23.2,31.311425289986843,30.177975430175326,18.957142857142856,52.385714285714286
2025-07-24,rohini,33.642857142857146,27.92282535154638,27.248766801892536,23.2,54.642857142857146
2025-07-25,rohini,30.77142857142857,30.093763368128126,32.9888545975205,33.642857142857146,37.25714285714286
2025-07-26,rohini,21.485714285714288,31.67250060885345,31.666268732002727,30.77142857142857,41.5
2025-07-27,rohini,35.285714285714285,29.10091068606647,30.421735165857886,21.485714285714288,53.1
2025-07-28,rohini,17.585714285714285,36.369695183841216,36.49108381816853,35.285714285714285,47.04285714285714
2025-07-31,rohini,24.435714285714287,30.503850516535014,31.413171089962823,30.985714285714288,40.05714285714286
2025-08-02,rohini,22.914285714285715,23.506980663659874,24.118875711422653,23.685714285714287,49.3
2025-08-03,rohini,23.65714285714285,20.776945188937887,22.568092868802704,22.914285714285715,73.25714285714285
2025-08-04,rohini,24.057142857142857,17.344577782680684,17.93612735896682,23.65714285714285,55.65714285714286
2025-08-05,rohini,21.142857142857142,23.152358390237573,22.83696261328648,24.057142857142857,52.65714285714286
2025-08-06,rohini,19.814285714285717,18.749707532207456,21.675830175291164,21.142857142857142,99.85714285714286
2025-08-07,rohini,22.12857142857143,22.020647190210877,22.352518988189725,19.814285714285717,130.44285714285715
2025-08-08,rohini,11.085714285714284,24.197783882487638,22.24533095858183,22.12857142857143,80.07142857142857
2025-08-13,rohini,11.214285714285714,30.578507724931832,30.666832600210352,28.957142857142856,51.72857142857144
2025-08-14,rohini,47.48571428571428,27.318673545088867,28.05285267063023,11.214285714285714,58.68571428571429
2025-08-15,rohini,50.31428571428571,38.54609328874337,39.60049330189543,47.48571428571428,58.81428571428571
2025-08-16,rohini,41.957142857142856,35.454255387880565,36.26132732932179,50.31428571428571,38.7
2025-08-17,rohini,30.314285714285717,37.09261965965971,39.187255792566084,41.957142857142856,38.07142857142857
2025-08-18,rohini,32.44285714285714,33.66153556174686,36.85068994273425,30.314285714285717,42.81428571428571
2025-08-19,rohini,21.557142857142857,32.39157038699927,33.60384510466068,32.44285714285714,31.7
2025-08-20,rohini,21.714285714285715,25.400987103627852,24.74351619258121,21.557142857142857,24.857142857142858
2025-08-21,rohini,41.52857142857143,29.77783936917597,29.625116333752995,21.714285714285715,54.2
2025-08-22,rohini,29.82857142857143,36.1560173032766,35.455917218775085,41.52857142857143,30.2
2025-08-23,rohini,24.914285714285715,34.4450603173772,34.66548522271165,29.82857142857143,26.071428571428573
2025-08-24,rohini,21.442857142857143,23.883080537921508,25.803666449696017,24.914285714285715,29.11428571428572
2025-08-25,rohini,19.37142857142857,20.03023469151597,22.518758776666886,21.442857142857143,13.2
2025-08-26,rohini,45.63333333333333,25.622413636503698,26.377216164493145,19.37142857142857,23.97142857142857
2025-08-27,rohini,50.1,32.98162995671293,35.43821362340716,45.63333333333333,50.91428571428571
2025-08-28,rohini,38.5,36.328281552300396,34.551356512235834,50.1,28.685714285714287
2025-08-29,rohini,29.6,31.41131927906562,33.13735452605515,38.5,30.9
2025-08-30,rohini,26.342857142857145,26.222311984663833,24.798459087445327,29.6,30.82857142857143
2025-08-31,rohini,16.58142857142857,29.528086340944366,30.327613205796727,26.342857142857145,14.157142857142858
2025-09-01,rohini,20.985714285714288,20.727894141088097,22.674352930523312,16.58142857142857,14.3
2025-09-02,rohini,31.73333333333333,20.292998582698953,21.607103098511566,20.985714285714288,11.22857142857143
2025-09-05,rohini,34.5,21.02299926718024,20.573829669968482,16.714285714285715,30.885714285714283
2025-09-06,rohini,30.75,22.298885477574593,21.965301864253007,34.5,27.785714285714285
2025-09-07,rohini,35.32857142857143,24.29878384636074,23.704547865788168,30.75,31.242857142857144
2025-09-10,rohini,26.857142857142858,27.264996841149948,29.594439317388495,23.67142857142857,39.52857142857143
2025-09-11,rohini,23.728571428571428,31.30072977112127,32.38959626210974,26.857142857142858,38.385714285714286
2025-09-12,rohini,19.057142857142857,30.666916960655502,32.67225496671884,23.728571428571428,29.842857142857145
2025-09-13,rohini,31.842857142857145,29.74139533000743,35.52440677762763,19.057142857142857,34.285714285714285
2025-09-14,rohini,27.942857142857143,30.64113441343172,33.771735228187374,31.842857142857145,26.714285714285715
2025-09-15,rohini,34.371428571428574,35.522083187484,38.35857221620059,27.942857142857143,32.05714285714286
2025-09-16,rohini,50.771428571428565,34.84905185836672,37.90751943362942,34.371428571428574,46.74285714285714
2025-09-18,rohini,56.971428571428575,42.016288630060245,40.75779207806615,44.06666666666667,56.52857142857143
2025-09-19,rohini,37.6,42.182306205719996,43.54520786540056,56.971428571428575,37.94285714285714
2025-09-20,rohini,41.2,44.84340841837308,47.772907366059954,37.6,33.885714285714286
2025-09-21,rohini,37.81428571428571,48.47054160254655,47.44513262832737,41.2,32.67142857142857
2025-09-22,rohini,35.4,39.55409944565235,42.661934512301265,37.81428571428571,33.22857142857143
2025-09-23,rohini,28.77142857142857,43.39932331717629,48.79087393721994,35.4,37.471428571428575
2025-09-24,rohini,27.77142857142857,48.02079473615197,50.68440194578881,28.77142857142857,33.27142857142857
2025-09-25,rohini,38.75714285714286,37.620339937662955,42.09826589461432,27.77142857142857,30.542857142857144
2025-09-26,rohini,56.04285714285714,64.14504537924061,64.1622037717256,38.75714285714286,58.48571428571428
2025-09-27,rohini,43.957142857142856,41.961395852311405,38.28070351225844,56.04285714285714,26.6
2025-09-28,rohini,38.271428571428565,43.88740167622817,41.84476200485232,43.957142857142856,27.685714285714287
2025-09-29,rohini,66.97142857142858,62.408624955166985,62.43802250840632,38.271428571428565,37.35714285714285
2025-09-30,rohini,47.98571428571428,50.93395029003642,51.74647564619345,66.97142857142858,37.34285714285714
2025-10-01,rohini,56.3,50.2975984490079,51.33068693847083,47.98571428571428,38.871428571428574
2025-10-02,rohini,23.2,42.63833172771962,45.69213761628962,56.3,30.2
2025-10-03,rohini,81.68571428571428,42.08007686891242,45.72319473947106,23.2,55.21428571428572
2025-10-04,rohini,70.92857142857143,57.916223067790646,56.626015169539414,81.68571428571428,57.52857142857143
2025-10-05,rohini,30.8,72.07379344881961,71.50217326834009,70.92857142857143,42.15714285714286
2025-10-06,rohini,29.857142857142858,27.524109305576363,28.371607176498596,30.8,14.585714285714284
2025-10-07,rohini,27.74285714285714,42.997344310725914,44.66500611911376,29.857142857142858,34.41428571428572
2025-10-08,rohini,31.65714285714285,33.58084488213386,33.36094097614345,27.74285714285714,30.785714285714285
2025-10-09,rohini,56.31428571428571,40.63207120806961,37.76039091133584,31.65714285714285,39.55714285714286
2025-10-10,rohini,80.55714285714285,56.788265694252836,53.33027033072771,56.31428571428571,39.98571428571428
2025-10-11,rohini,61.871428571428574,59.62476170669779,53.37183571831392,80.55714285714285,55.8
2025-10-12,rohini,81.21666666666667,57.86712314761799,54.11665023703312,61.871428571428574,48.84285714285714
2025-10-13,rohini,75.41428571428571,74.51778224744486,65.32551923989426,81.21666666666667,52.84285714285714
2025-10-14,rohini,111.47142857142856,88.60555809647082,87.14236060011338,75.41428571428571,61.22857142857144
2025-10-15,rohini,180.0,96.90127255425504,86.57603602288829,111.47142857142856,53.614285714285714
2025-10-16,rohini,118.4,144.273139816782,125.68614988307404,180.0,54.65714285714286
2025-10-17,rohini,122.15714285714286,122.41493087674232,123.28283644941668,118.4,67.4
2025-10-18,rohini,175.85714285714286,144.5536878088436,141.29711736360937,122.15714285714286,80.12857142857142
2025-10-20,rohini,199.32857142857145,157.87450468521482,152.50166087849308,182.36428571428573,74.44285714285715
2025-10-21,rohini,183.57142857142856,173.5397623048813,178.355798490711,199.32857142857145,110.24285714285716
2025-10-22,rohini,163.0,147.59322207892495,138.79573189501676,183.57142857142856,60.98571428571428
2025-10-24,rohini,160.18571428571428,164.02047557586292,166.67276197313325,121.02666666666666,89.10000000000001
2025-10-28,rohini,171.0,118.80396547927505,131.40174770333738,140.66666666666666,81.21428571428571
2025-10-29,rohini,249.14285714285717,206.20384408947842,199.37133782430553,171.0,76.78571428571429
2025-10-30,rohini,89.41428571428571,175.18638490076947,168.54159364619792,249.14285714285717,69.71428571428571
2025-10-31,rohini,261.57142857142856,128.2774730168773,107.64035841585091,89.41428571428571,88.47142857142856
2025-11-01,rohini,248.8571428571429,120.10677623098488,121.0380548827876,261.57142857142856,84.88571428571429
2025-11-02,rohini,278.5,136.7263676213821,145.28154170443838,248.8571428571429,74.24285714285715
2025-11-05,rohini,237.72857142857143,83.76757734294453,87.90956221966123,119.4,48.24285714285714
2025-11-06,rohini,227.57142857142856,133.36299953036652,132.6619038193108,237.72857142857143,50.17142857142857
2025-11-07,rohini,372.8571428571428,176.3418886397947,171.42464494918417,227.57142857142856,48.17142857142857
2025-11-08,rohini,269.85714285714283,185.69551247156735,189.71989686013524,372.8571428571428,56.642857142857146
2025-11-09,rohini,377.8,186.76197249149462,205.7927772991218,269.85714285714283,70.41428571428573
2025-11-11,rohini,404.4285714285714,175.33987056298102,188.4626870591407,371.2857142857143,94.34285714285714
2025-11-12,rohini,318.7142857142857,224.10017179717067,253.29940049469315,404.4285714285714,110.24285714285716
2025-11-13,rohini,246.8571428571429,204.27641471624935,216.51828569157584,318.7142857142857,80.91428571428571
2025-11-14,rohini,306.2857142857143,197.3616908717355,215.47975521686337,246.8571428571429,89.08571428571429
2025-11-15,rohini,295.2142857142857,211.15364461326482,210.8397531713774,306.2857142857143,72.91428571428573
2025-11-16,rohini,244.7142857142857,208.99744142032037,216.6060994410803,295.2142857142857,85.12857142857142
2025-11-19,rohini,161.0,223.13490172908695,223.61381192141664,161.0,158.6
2025-11-21,rohini,324.1428571428572,239.52787966868144,239.24101108373,220.2,173.55714285714288
2025-11-22,rohini,329.42857142857144,289.3618575654752,279.3900347200275,324.1428571428572,179.0
2025-11-23,rohini,268.7142857142857,268.98368754015416,258.22027937084124,329.42857142857144,135.0
2025-11-24,rohini,238.75714285714284,222.54293172798805,239.5292115919512,268.7142857142857,92.28571428571428
2025-11-25,rohini,195.28571428571428,209.541326931365,226.9557548119707,238.75714285714284,101.58571428571427
2025-11-26,rohini,239.7142857142857,297.2764407388972,313.75278163610653,195.28571428571428,112.29999999999998
2025-11-27,rohini,228.7142857142857,238.25870838501254,245.81952576305238,239.7142857142857,82.14285714285714
2025-11-28,rohini,126.35714285714286,167.87253604018161,179.87901754249535,228.7142857142857,58.285714285714285
2025-11-29,rohini,121.04285714285712,129.55433753281093,127.61558565187569,126.35714285714286,60.04285714285714
2025-11-30,rohini,190.0,147.6451663056056,154.4394079945497,121.04285714285712,93.72857142857144
2025-12-01,rohini,238.0,265.44035359290103,257.3706333773769,190.0,104.84285714285714
2025-12-02,rohini,156.0,231.908846954726,246.10982357654868,238.0,98.72857142857144
2025-12-05,rohini,143.14285714285714,162.61178048895798,183.6815159743132,196.0,80.57142857142857
2025-12-06,rohini,170.28571428571428,134.22592858094825,151.39560613276643,143.14285714285714,85.5
2025-12-07,rohini,150.07142857142858,148.3841141838005,165.20899501735403,170.28571428571428,73.12857142857142
2025-12-08,rohini,146.42857142857142,123.4308206785841,138.6856261998895,150.07142857142858,57.785714285714285
2025-12-09,rohini,129.65714285714287,136.87701272948846,157.38334367878915,146.42857142857142,59.41428571428572
2025-12-10,rohini,178.66666666666666,143.0873026982137,144.81767011464328,129.65714285714287,107.18571428571428
2025-12-11,rohini,264.2857142857143,194.9183716863603,196.28364833753056,178.66666666666666,131.1142857142857
2025-12-12,rohini,350.0,271.85274972750256,250.65238213148058,264.2857142857143,185.87142857142857
2025-12-13,rohini,272.0,257.27888551342903,251.37589671581753,350.0,203.44285714285712
2025-12-14,rohini,229.0,246.80611796018482,239.18774621191378,272.0,152.3857142857143
2025-12-15,rohini,164.28571428571428,174.38596065786066,188.01202244333956,229.0,88.41428571428571
2025-12-16,rohini,148.71428571428572,152.92968740531364,162.34719393381073,164.28571428571428,95.21428571428572
2025-12-17,rohini,104.83333333333331,192.22638055347397,197.0557256896649,148.71428571428572,144.5857142857143
2025-12-18,rohini,134.14285714285714,179.84286814172742,177.94429415933638,104.83333333333331,112.67142857142858
2025-12-19,rohini,201.66666666666663,213.67146695909736,219.87119482391947,134.14285714285714,143.15714285714287
2025-12-21,rohini,227.0,212.3772188696663,233.33765859275047,203.42857142857144,193.3142857142857
2025-12-22,rohini,174.28571428571428,208.6611248925794,215.65419493068973,227.0,125.2
2025-12-23,rohini,116.71666666666664,131.10846866993822,133.120484091552,174.28571428571428,48.0
2025-12-24,rohini,119.68571428571428,154.33004783244292,158.76056437852634,116.71666666666664,68.88571428571429
2025-12-25,rohini,210.14285714285717,197.30677581153114,201.9812120397962,119.68571428571428,106.85714285714286
2025-12-26,rohini,220.14285714285717,244.58337727696343,239.79248399847745,210.14285714285717,112.55714285714284
2025-12-27,rohini,242.28571428571428,235.42826685694985,228.228107344009,220.14285714285717,167.8857142857143
2025-12-28,rohini,231.7142857142857,263.8678450925498,248.0350678595243,242.28571428571428,160.45714285714286
2025-12-29,rohini,143.42857142857142,251.16421790955974,230.57174808855495,231.7142857142857,143.9
2025-12-30,rohini,142.16666666666666,247.3416146203968,239.04750096013117,143.42857142857142,168.79999999999998
2025-12-31,rohini,178.85714285714286,133.1838051566765,143.07166799251607,142.16666666666666,135.21428571428572
2026-01-01,rohini,64.58571428571429,139.61329738632264,153.86270998833854,178.85714285714286,83.5
2026-01-02,rohini,109.85714285714286,111.82230409631009,111.84100381225656,64.58571428571429,86.75714285714285
2026-01-03,rohini,167.28571428571428,163.67023267573452,165.02303502456792,109.85714285714286,103.02857142857144
2026-01-04,rohini,113.14285714285714,161.76958790604033,170.08732684532555,167.28571428571428,102.22857142857144
2026-01-05,rohini,116.0,147.4397735758695,144.26805977366718,113.14285714285714,106.08571428571427
2026-01-06,rohini,111.75714285714284,124.70952121446861,126.27210568581542,116.0,106.08571428571427
2026-01-07,rohini,112.51428571428572,118.29299846305362,125.12506356097214,111.75714285714284,102.84285714285714
2026-01-08,rohini,99.61428571428571,142.17295801661623,145.45340004353713,112.51428571428572,119.52857142857142
2026-01-09,rohini,169.33333333333334,115.8829560834321,115.1706764473662,99.61428571428571,120.55714285714284
2026-01-21,rohini,219.42857142857144,178.21496559633502,165.41699590192314,187.8571428571429,133.81428571428572
2026-01-22,rohini,118.0,73.70981660118744,70.81419792129296,219.42857142857144,85.95714285714284
2026-01-23,rohini,53.55714285714286,76.34532247581983,75.66735324397159,118.0,47.142857142857146
2026-01-24,rohini,79.7,50.91341480551658,48.638847051633086,53.55714285714286,60.32857142857143
2026-01-25,rohini,108.72857142857144,85.67103178000961,84.49307284603083,79.7,105.98571428571428
2026-01-26,rohini,182.7142857142857,91.27387312705821,90.94268958951521,108.72857142857144,101.14285714285714
2026-01-27,rohini,141.25714285714284,94.67057565294874,97.17781811626779,182.7142857142857,54.0
2026-01-28,rohini,60.68571428571429,115.03803349282782,113.71330635463147,141.25714285714284,87.92857142857143
2026-01-29,rohini,121.0,81.07890704308643,78.62032962737308,60.68571428571429,80.82857142857142
2026-01-30,rohini,115.4,140.5883032797924,141.65092845592721,121.0,143.44285714285715
2026-01-31,rohini,89.22857142857143,101.02841081004419,105.12583920464269,115.4,93.75714285714284
2026-02-01,rohini,60.34285714285714,122.68902053906287,122.46111525692277,89.22857142857143,131.94285714285715
2026-02-04,rohini,103.21428571428572,94.09040017436362,92.52784186887392,147.85714285714286,73.67142857142858
2026-02-05,rohini,99.0,87.07493557168713,77.84239555905008,103.21428571428572,65.7
2026-02-11,rohini,87.84285714285714,104.18294066525624,103.28239677690576,164.85714285714286,50.34285714285714
2026-02-12,rohini,111.37142857142858,91.73809357792963,94.30675323401312,87.84285714285714,54.2
2026-02-13,rohini,135.92857142857142,123.37963767485144,119.52562958313327,111.37142857142858,74.0
2026-02-14,rohini,121.8,116.39639604686825,117.77141970615793,135.92857142857142,66.1
2026-02-20,rohini,125.71428571428572,102.48148348646906,99.02839554278724,106.66666666666669,71.67142857142856
2026-02-21,rohini,106.0,117.12904471079786,118.31504904004676,125.71428571428572,75.05714285714285
2026-02-22,rohini,135.72857142857143,159.74342412024447,161.0795999758861,106.0,89.61428571428571
2026-02-23,rohini,119.4,159.05361536094787,165.0809223569745,135.72857142857143,94.72857142857144
2026-02-24,rohini,163.0,142.56289605894057,152.161837672463,119.4,82.45714285714287
2026-02-25,rohini,109.72857142857144,115.6148327507993,113.18889549292952,163.0,66.61428571428571
2026-02-26,rohini,92.97142857142856,135.4292369187193,130.33469285095688,109.72857142857144,62.08571428571429
2026-02-27,rohini,144.71428571428572,123.02688825276914,126.42878363723725,92.97142857142856,75.11428571428571
2026-02-28,rohini,92.58571428571427,100.4697427121271,97.44121124307645,144.71428571428572,64.17142857142858
2026-03-01,rohini,103.42857142857144,87.50483699259338,85.83475414337946,92.58571428571427,74.47142857142856
2026-03-02,rohini,95.9,99.38802143641009,82.93651794831244,103.42857142857144,83.47142857142856
2026-03-03,rohini,85.91428571428571,91.48470580259824,85.0744000822134,95.9,76.10000000000001
2026-03-04,rohini,67.81666666666666,70.09604850653996,60.364800601682354,85.91428571428571,99.77142857142856
2026-03-05,rohini,114.94285714285716,86.56810097712014,83.75883676973487,67.81666666666666,85.22857142857143
2026-03-06,rohini,159.18571428571428,123.49728054754168,126.5670593242254,114.94285714285716,100.77142857142856
2026-03-11,rohini,82.75714285714285,101.38061923109186,103.99396520238611,126.37142857142858,75.0
2026-03-12,rohini,74.56,81.76638517819167,84.31725917279093,82.75714285714285,83.60000000000001
2026-03-14,rohini,30.02857142857143,82.5839070697499,76.18308576800439,94.94285714285716,43.05714285714286
2026-03-15,rohini,38.84285714285714,49.82212420076687,49.804372252338574,30.02857142857143,88.8
2026-03-16,rohini,110.57142857142856,64.57119579958182,68.40160695630354,38.84285714285714,58.971428571428575
2026-03-17,rohini,91.54285714285712,99.10138888600642,102.4209228942681,110.57142857142856,65.42857142857143
2026-03-18,rohini,70.4,87.46024971407769,84.86318380387563,91.54285714285712,52.51428571428572
2026-03-19,rohini,30.3,55.19703281897857,57.09662164666691,70.4,42.471428571428575
2026-03-20,rohini,56.47142857142857,67.62221323847638,74.43474088067072,30.3,69.47142857142858
2026-03-21,rohini,49.84285714285714,64.4083598427178,65.80470244452262,56.47142857142857,49.02857142857143
2026-03-22,rohini,38.642857142857146,64.92177287751598,75.40992802970389,49.84285714285714,55.52857142857143
2026-03-23,rohini,130.5857142857143,66.73959935953297,72.77011683592215,38.642857142857146,67.42857142857143
2026-03-24,rohini,102.33333333333331,97.613009807741,95.64105725888909,130.5857142857143,55.785714285714285
2026-03-25,rohini,96.87142857142858,113.56432090650272,117.66934686989238,102.33333333333331,51.971428571428575
2026-03-26,rohini,39.52857142857143,68.46702606430048,66.82231129704093,96.87142857142858,41.22857142857144
2026-03-27,rohini,97.65714285714286,73.36744162001307,78.51766541692439,39.52857142857143,38.271428571428565
2026-03-28,rohini,86.44285714285715,66.2530442845632,72.87081755895916,97.65714285714286,82.92857142857143
2026-03-29,rohini,67.56666666666666,59.09168512030469,65.46076825480895,86.44285714285715,97.41428571428573
2026-03-30,rohini,81.3,72.65290401159346,81.27850565501349,67.56666666666666,39.285714285714285
2026-03-31,rohini,48.78333333333333,68.69601753622536,74.71311445138936,81.3,67.11428571428571
2026-04-01,rohini,75.39999999999999,69.67657660355981,78.64813437530871,48.78333333333333,40.31428571428571
2026-04-02,rohini,88.98571428571428,62.54152908903057,62.21571622102403,75.39999999999999,125.22857142857144
2026-04-03,rohini,93.37142857142858,70.46655841581202,72.54305851449642,88.98571428571428,39.114285714285714
2026-04-04,rohini,50.01428571428572,63.00408763443878,65.90736289768923,93.37142857142858,48.72857142857144
2026-04-05,rohini,73.31428571428572,67.59497525870202,72.40319950819338,50.01428571428572,58.24285714285714
2026-04-06,rohini,56.371428571428574,51.02575802639657,58.80770514823053,73.31428571428572,77.68571428571428
2026-04-07,rohini,48.371428571428574,54.260096154279324,55.82008287484624,56.371428571428574,45.44285714285714
2026-04-08,rohini,68.7,52.158499359991595,54.395848071499294,48.371428571428574,52.65714285714286
2026-04-09,rohini,33.42857142857143,40.473372882034674,40.8811294029857,68.7,92.87142857142858
2026-04-10,rohini,32.528571428571425,36.46220249553588,37.675963947445815,33.42857142857143,86.25714285714285
2026-04-11,rohini,70.52000000000001,42.185793148379624,43.56829466446781,32.528571428571425,64.91428571428573
2026-04-13,rohini,123.84285714285714,68.52610160422054,69.935900632769,72.22857142857143,40.871428571428574
2026-04-14,rohini,131.32857142857142,64.51041360154854,64.79873831651443,123.84285714285714,36.24285714285714
2026-04-15,rohini,169.18571428571428,105.23535359515483,113.02329049304541,131.32857142857142,44.57142857142857
2026-04-19,rohini,48.21666666666667,86.24286974283761,84.43892717505041,179.18571428571428,88.44285714285715
2026-04-20,rohini,73.2,59.83894702597381,57.756856318168715,48.21666666666667,66.77142857142857
2026-04-21,rohini,115.17142857142858,78.89856023891801,86.09815527778842,73.2,65.55714285714285
2026-04-22,rohini,49.271428571428565,94.58836793096161,101.33651907879164,115.17142857142858,51.55714285714286
2026-04-23,rohini,100.3,92.59337088964195,92.50465482849641,49.271428571428565,53.785714285714285
2026-04-24,rohini,85.41428571428571,97.99173234166022,92.65685078071603,100.3,90.65714285714286
2026-04-25,rohini,105.71666666666664,84.0869107194531,73.9943716674689,85.41428571428571,94.77142857142856
2026-04-28,rohini,29.98,90.68945640913638,81.89219538343497,68.01428571428572,45.271428571428565
2026-04-30,rohini,42.62857142857143,61.63599187669952,60.16224107222108,97.01428571428572,78.91428571428571
2026-05-01,rohini,53.17142857142857,73.53824406023986,71.97948975588952,42.62857142857143,81.42857142857143
2026-05-02,rohini,52.21428571428572,62.47979466234558,56.23719966165753,53.17142857142857,106.85714285714286
2026-05-03,rohini,16.521428571428572,39.33927345637317,35.91365026135618,52.21428571428572,40.31428571428571
2026-05-04,rohini,36.12857142857143,36.81649324650384,35.416985306005735,16.521428571428572,37.385714285714286
2026-05-07,rohini,50.48571428571428,51.015380515522956,45.63800387325457,36.371428571428574,73.39999999999999
2026-05-08,rohini,70.74285714285715,54.368799199447935,52.28194200088139,50.48571428571428,55.52857142857143
2026-05-09,rohini,46.771428571428565,64.45184930779725,67.08741271606496,70.74285714285715,67.07142857142857
2026-05-10,rohini,66.02857142857142,68.44552412382494,64.59012730290304,46.771428571428565,66.52857142857144
2026-05-11,rohini,69.17142857142856,60.04427318865387,54.029292201429065,66.02857142857142,97.05714285714284
2026-05-12,rohini,63.74285714285714,68.6493584106604,62.783311114236916,69.17142857142856,105.62857142857142
2026-05-13,rohini,65.25714285714285,80.55543730428765,78.28051086463176,63.74285714285714,139.42857142857142
2026-05-14,rohini,42.34285714285714,64.7691715454019,59.54057200964977,65.25714285714285,95.02857142857144
2026-05-15,rohini,104.42857142857144,69.9551960472356,69.8510695215449,42.34285714285714,115.85714285714286
2026-05-16,rohini,64.41428571428571,74.18686482642102,59.10707006507251,104.42857142857144,116.57142857142856
2026-05-17,rohini,60.785714285714285,70.83082836058001,62.14651399496751,64.41428571428571,113.07142857142856
2026-05-18,rohini,76.85714285714286,63.6681670062146,54.0335948862338,60.785714285714285,102.98571428571428
2026-05-19,rohini,55.76666666666666,75.40228795298805,66.64948923982885,76.85714285714286,79.3
2026-05-20,rohini,56.1,53.89038877264653,42.80089045862064,55.76666666666666,205.07142857142856
2026-05-21,rohini,69.14,69.07284119260315,60.398093917424056,56.1,142.62857142857143
2026-05-22,rohini,77.87142857142858,55.812021983693036,50.58146882696411,69.14,97.45714285714284
2026-05-23,rohini,82.01428571428572,75.55569269123534,67.78745145144043,77.87142857142858,119.85714285714286
2026-05-24,rohini,76.52857142857144,68.39627535348663,55.4478606996111,82.01428571428572,147.54285714285714
2026-05-25,rohini,63.55714285714286,83.04771683619042,74.63255027327057,76.52857142857144,118.45714285714288
2026-05-26,rohini,91.38333333333333,85.64914471398468,78.36650246081368,63.55714285714286,105.72857142857144
2026-05-28,rohini,34.98333333333333,62.845460753402186,57.679146444066824,78.62857142857142,135.14285714285714
2026-05-29,rohini,28.914285714285715,51.34668148582014,43.93931814204037,34.98333333333333,82.54285714285713
2026-05-30,rohini,26.428571428571427,49.76946025856955,46.70798071015583,28.914285714285715,66.94285714285715
2026-05-31,rohini,49.471428571428575,49.492862372654045,44.9877838335141,26.428571428571427,56.41428571428571
2026-06-01,rohini,57.98571428571428,52.62738683626887,52.768000728372634,49.471428571428575,60.24285714285714
2026-06-02,rohini,80.38571428571429,67.84661256470318,68.55864958330727,57.98571428571428,59.94285714285714
2026-06-04,rohini,58.05714285714286,54.69841191116982,52.63348753070413,67.87142857142858,91.11428571428571
2026-06-05,rohini,72.08571428571429,63.98600512589667,56.873518361689214,58.05714285714286,91.04285714285712
2026-06-06,rohini,41.97142857142857,59.25164254668813,56.74209693003998,72.08571428571429,107.62857142857142
2026-06-07,rohini,36.86666666666667,43.05272066160378,42.55502976530524,41.97142857142857,102.4
2026-06-08,rohini,42.02857142857143,58.52274782830855,56.12831653962292,36.86666666666667,105.3
2026-06-11,rohini,21.914285714285715,28.246577614273182,30.845211553568816,50.95,54.62857142857143
2026-06-12,rohini,49.12857142857143,48.48734907514611,51.14123719203451,21.914285714285715,109.85714285714286
2026-06-13,rohini,78.55714285714285,51.70371275808999,53.21157168176797,49.12857142857143,102.65714285714286
2026-06-14,rohini,34.885714285714286,50.48832606856629,53.21462672559683,78.55714285714285,80.92857142857143
2026-06-15,rohini,25.485714285714288,55.46469521666643,52.9720771336343,34.885714285714286,108.65714285714286
2026-06-16,rohini,49.957142857142856,53.22908995320747,49.68888381932187,25.485714285714288,114.08571428571427
2026-06-19,rohini,49.142857142857146,44.54637929994213,48.91308297976457,43.58571428571429,100.37142857142858
2026-06-20,rohini,28.12,46.748260444086256,43.21662794322242,49.142857142857146,127.65714285714286
2026-06-21,rohini,33.84285714285714,36.6025455178197,35.69968398915448,28.12,127.38571428571429
2026-06-26,rohini,42.142857142857146,53.46898454978138,56.22128444793962,39.57142857142857,104.22857142857144
2026-06-27,rohini,35.285714285714285,49.2419087546641,49.68740890329027,42.142857142857146,72.02857142857142
2026-06-28,rohini,36.57142857142857,44.591325704703024,46.79273829604459,35.285714285714285,102.82857142857142
2026-06-29,rohini,38.142857142857146,42.55639832967837,43.61761106367145,36.57142857142857,224.5142857142857
2026-06-30,rohini,35.57142857142857,38.20062499328478,36.392692580064896,38.142857142857146,53.07142857142857
2026-07-01,rohini,24.285714285714285,40.181048724764516,40.05051858981701,35.57142857142857,52.8
2026-07-02,rohini,59.0,32.9486705698676,35.37073912614371,24.285714285714285,28.82857142857143
2026-07-03,rohini,85.28571428571429,52.42251314554435,56.91933460682983,59.0,40.08571428571429
2026-07-07,rohini,21.0,33.931713809903705,35.4919158141618,45.285714285714285,32.27142857142857
2026-07-08,rohini,5.5,24.743543018547626,26.566243877246425,21.0,27.67142857142857
2026-07-09,rohini,19.142857142857142,19.591433187551154,20.41298901651274,5.5,52.8
2026-07-10,rohini,40.57142857142857,31.1552127622318,32.07996459623002,19.142857142857142,138.72857142857143
2026-07-11,rohini,45.71428571428572,29.87411159161168,30.977406392602067,40.57142857142857,207.3571428571429
2026-07-14,rohini,34.166666666666664,33.52947234281658,34.20457305717249,39.8,95.95714285714288
2026-07-15,rohini,47.66666666666666,33.67036352953225,30.35961846755273,34.166666666666664,116.95714285714288
2026-07-16,rohini,40.6,44.109204363692804,45.601349724670825,47.66666666666666,117.28571428571428
2026-07-17,rohini,36.285714285714285,34.43665066904266,35.645547223942565,40.6,136.0142857142857
2026-07-18,rohini,48.71428571428572,43.576683983011186,43.33559955128848,36.285714285714285,89.65714285714286
2026-07-19,rohini,58.285714285714285,41.06042820206323,44.498120748757835,48.71428571428572,38.471428571428575
2026-07-20,rohini,17.4,39.662781841958804,38.076799505835524,58.285714285714285,15.4
2026-07-21,rohini,23.428571428571427,26.376569537231813,27.229628569075683,17.4,37.72857142857144
2026-07-22,rohini,24.142857142857142,28.67107267632114,28.84595967481056,23.428571428571427,26.52857142857143
2026-07-23,rohini,33.333333333333336,29.64717536747649,29.3943305581553,24.142857142857142,25.857142857142858
2026-07-24,rohini,37.285714285714285,28.518481987304053,27.85887451440721,33.333333333333336,28.01428571428572
2026-07-25,rohini,43.85714285714285,37.960428506802465,35.17491090952162,37.285714285714285,33.58571428571428
2026-07-26,rohini,32.0,54.06997944526193,53.87096976926306,43.85714285714285,56.17142857142857
2026-07-27,rohini,15.428571428571429,29.58258595646911,32.111744504519024,32.0,45.54285714285714
2026-07-28,rohini,59.142857142857146,28.38275087197988,28.291093445540675,15.428571428571429,35.98571428571429
2026-07-30,rohini,18.285714285714285,27.128411168683048,30.095516421091858,51.15384615384615,22.37142857142857
2026-07-31,rohini,35.714285714285715,24.648295142244223,25.953307875091507,18.285714285714285,28.9
2026-08-01,rohini,32.0,33.54526297942083,35.41770305953118,35.714285714285715,38.4
2026-08-02,rohini,53.57142857142857,38.1106016668602,42.65712293236686,32.0,30.985714285714288
2026-08-03,rohini,23.714285714285715,23.552838227274645,24.366771740466596,53.57142857142857,27.985714285714288
2026-08-05,rohini,15.714285714285714,30.340860845225155,30.54662039845531,23.5,54.55714285714286
2026-08-07,rohini,24.4,26.141656205317087,26.53750000114459,14.857142857142858,40.52857142857143
2026-08-08,rohini,32.5,27.857098344595475,27.46429539435632,24.4,39.85714285714285
2026-08-09,rohini,38.6,31.761726271902408,31.95629024812875,32.5,31.77142857142857
2026-08-11,rohini,36.16666666666666,27.994940187183335,27.569127707413188,28.714285714285715,49.18571428571429
2026-08-12,rohini,23.857142857142858,30.753962030231225,32.37115518978659,36.16666666666666,43.65714285714286
2026-08-13,rohini,21.285714285714285,26.647144566641124,26.99450554887296,23.857142857142858,43.37142857142857
2026-08-14,rohini,18.83333333333333,31.234824697712867,30.732910196248238,21.285714285714285,57.21428571428572
2026-08-15,rohini,22.285714285714285,24.467044512008034,22.881236535426577,18.83333333333333,81.32857142857142
2026-08-16,rohini,21.8,27.59763700889259,27.363939965794724,22.285714285714285,58.771428571428565
2026-08-18,rohini,45.57142857142857,39.880197652211805,39.081132790249704,39.0,55.32857142857143
2026-08-20,rohini,39.57142857142857,41.606517541562305,38.90624336214707,43.285714285714285,38.15714285714286
2026-08-21,rohini,42.5,37.48497451281515,37.26537757056792,39.57142857142857,54.385714285714286
2026-08-22,rohini,39.57142857142857,35.234814216349776,35.91395256082563,42.5,32.68571428571429
2026-08-23,rohini,61.66666666666666,43.60049034051729,38.731037717609134,39.57142857142857,61.22857142857144
2026-09-11,rohini,16.45714285714286,36.6275011269864,40.51239815393753,40.92857142857143,19.67142857142857
2026-09-12,rohini,22.5,28.713303391199045,30.660671474570428,16.45714285714286,26.214285714285715
2026-09-13,rohini,33.22857142857143,24.855617561294654,26.97050594699732,22.5,23.15714285714285
2026-09-14,rohini,50.18571428571428,31.194016773365814,33.32630056592381,33.22857142857143,42.9
2026-09-15,rohini,25.566666666666663,50.144853389891956,54.059976064408055,50.18571428571428,63.271428571428565
2026-09-16,rohini,22.52,34.22179774229371,37.44376954972113,25.566666666666663,39.41428571428571
2026-09-17,rohini,19.014285714285712,30.916601739930957,34.659264887586545,22.52,31.857142857142858
2026-09-18,rohini,60.6,40.70148240976857,42.71452117998741,19.014285714285712,44.84285714285714
2026-09-19,rohini,49.94285714285714,52.72498195952316,56.03394734822298,60.6,63.68571428571429
2026-09-20,rohini,69.48571428571428,58.3107120499515,63.66275517302722,49.94285714285714,57.8
2026-09-21,rohini,79.31428571428572,68.11736496019202,75.95914244988508,69.48571428571428,60.32857142857143
2026-09-22,rohini,68.87142857142858,82.97554601159548,89.14645719244962,79.31428571428572,59.75714285714286
2026-09-23,rohini,45.957142857142856,63.21007908356112,65.52001752580766,68.87142857142858,43.24285714285714
2026-09-24,rohini,3.821428571428572,47.67833203285886,46.24284195216256,45.957142857142856,23.942857142857143
2026-09-25,rohini,9.80714285714286,41.01933610996603,41.267540163011596,3.821428571428572,49.54285714285714
2026-09-26,rohini,15.383333333333333,34.30259620256492,32.01269254527976,9.80714285714286,20.62857142857143
2026-09-28,rohini,27.814285714285717,30.42197668835641,30.88249989409954,7.59,34.01428571428571
2026-09-29,rohini,59.67142857142857,32.43615944916726,34.14046333374131,27.814285714285717,48.2
2026-10-03,rohini,64.92857142857143,63.64955037973883,70.65364553300549,84.36666666666665,74.87142857142858
2026-10-04,rohini,45.885714285714286,54.1038457692963,60.13915316365722,64.92857142857143,72.34285714285714
2025-06-09,dwarka,26.514285714285712,42.17016578958796,44.37332234097399,42.285714285714285,168.24285714285716
2025-06-10,dwarka,30.28333333333333,38.01796879535088,34.121102879796574,26.514285714285712,152.87142857142857
2025-06-11,dwarka,67.61428571428571,39.472075784452066,37.89991804619633,30.28333333333333,172.68571428571428
2025-06-12,dwarka,61.85714285714285,41.75498687110166,45.32262010587917,67.61428571428571,251.5428571428572
2025-06-13,dwarka,52.771428571428565,50.92810642433807,50.056412592628405,61.85714285714285,138.64285714285714
2025-06-14,dwarka,50.371428571428574,41.868716002127776,41.44692009863052,52.771428571428565,180.9
2025-06-15,dwarka,44.3,38.830125684935226,39.56776331160213,50.371428571428574,89.51428571428572
2025-06-16,dwarka,48.98571428571428,50.10294338226377,50.265455619555695,44.3,79.24285714285715
2025-06-17,dwarka,41.18571428571429,37.67029954572272,40.00455415646385,48.98571428571428,22.67142857142857
2025-06-18,dwarka,42.5,41.967902671861516,42.94949850920869,41.18571428571429,31.585714285714285
2025-06-19,dwarka,38.07142857142857,30.392228810580583,31.865034279555378,42.5,17.8
2025-06-20,dwarka,38.44285714285714,47.223244372795776,47.96254342026228,38.07142857142857,46.08571428571429
2025-06-21,dwarka,29.585714285714285,51.16881285774912,49.27514887300935,38.44285714285714,55.65714285714286
2025-06-22,dwarka,50.3,53.1306983557226,52.326037985578616,29.585714285714285,65.28571428571429
2025-06-23,dwarka,50.142857142857146,52.669995396819445,48.733394706474265,50.3,62.22857142857144
2025-06-24,dwarka,60.91666666666666,44.7936081713797,47.083039768590666,50.142857142857146,45.48571428571429
2025-06-25,dwarka,39.57142857142857,39.930871734274405,39.66425930787254,60.91666666666666,32.714285714285715
2025-06-26,dwarka,28.942857142857143,38.660249681855525,40.82373806234154,39.57142857142857,29.985714285714288
2025-06-27,dwarka,43.92857142857143,44.27798737526454,43.11767173389753,28.942857142857143,26.65714285714285
2025-06-28,dwarka,48.35714285714285,44.001593423603175,44.14198373327002,43.92857142857143,36.385714285714286
2025-06-29,dwarka,20.557142857142857,38.551256525126824,38.81725465839824,48.35714285714285,36.85714285714285
2025-06-30,dwarka,34.57142857142857,33.338917995102854,34.615664954826606,20.557142857142857,45.642857142857146
2025-07-01,dwarka,33.74285714285715,47.144566137734486,46.873168872241,34.57142857142857,35.27142857142857
2025-07-02,dwarka,37.42857142857143,41.41611231605639,41.61872057457826,33.74285714285715,29.342857142857145
2025-07-03,dwarka,35.18571428571429,44.55312675436246,42.285271321148166,37.42857142857143,31.585714285714285
2025-07-04,dwarka,42.34285714285714,40.25500445309526,40.76721913081406,35.18571428571429,35.94285714285714
2025-07-05,dwarka,16.904285714285713,46.1483789326238,46.986289539870086,42.34285714285714,42.62857142857143
2025-07-06,dwarka,13.105571428571428,39.03237790562376,39.879478284447636,16.904285714285713,41.85714285714285
2025-07-07,dwarka,30.842857142857145,33.892897755492086,35.76457749366846,13.105571428571428,36.98571428571428
2025-07-08,dwarka,16.351428571428574,33.043483019373745,31.74859378074974,30.842857142857145,39.81428571428571
2025-07-09,dwarka,10.778571428571428,31.636232125113832,30.68421238275718,16.351428571428574,30.300000000000004
2025-07-10,dwarka,32.785714285714285,22.62449693282527,22.67046853617038,10.778571428571428,45.8
2025-07-11,dwarka,32.957142857142856,34.48200162614574,34.87176022845957,32.785714285714285,36.8
2025-07-12,dwarka,44.65714285714286,42.788607072613225,40.33351725959992,32.957142857142856,34.05714285714286
2025-07-13,dwarka,41.385714285714286,34.90186497924736,36.782075323863275,44.65714285714286,25.62857142857143
2025-07-14,dwarka,26.75714285714286,24.578610442175773,25.104639488782926,41.385714285714286,28.11428571428572
2025-07-15,dwarka,39.0,29.559016280092326,30.265261054142492,26.75714285714286,44.55714285714286
2025-07-16,dwarka,23.285714285714285,33.23629194633569,31.6171628268259,39.0,37.21428571428572
2025-07-17,dwarka,29.785714285714285,35.09378298125566,33.113682912698785,23.285714285714285,39.24285714285714
2025-07-18,dwarka,26.97142857142857,26.013101561546367,25.712949964595172,29.785714285714285,26.085714285714285
2025-07-19,dwarka,42.31428571428571,30.32123061995278,31.095498758885135,26.97142857142857,62.471428571428575
2025-07-20,dwarka,33.08571428571428,38.00867218305223,39.94820283423294,42.31428571428571,42.08571428571429
2025-07-21,dwarka,35.51428571428571,33.41918483940696,35.416205404543255,33.08571428571428,44.01428571428572
2025-07-22,dwarka,32.24285714285714,32.81773745334883,34.04531775851198,35.51428571428571,48.25714285714286
2025-07-23,dwarka,25.557142857142857,32.06467810407427,30.386037765010496,32.24285714285714,62.957142857142856
2025-07-24,dwarka,30.4,30.545950676158757,31.75676906449597,25.557142857142857,67.07142857142857
2025-07-25,dwarka,29.928571428571427,44.5167787073423,47.84701967731476,30.4,39.67142857142857
2025-07-26,dwarka,24.7,38.530232828646895,37.06483640986558,29.928571428571427,50.0
2025-07-27,dwarka,39.65714285714286,35.76207743193352,38.017729958377714,24.7,52.471428571428575
2025-07-28,dwarka,23.65,40.790401455134926,41.777942553071675,39.65714285714286,47.0
2025-07-29,dwarka,38.34285714285714,35.020908608409826,31.997610049482827,23.65,36.54285714285714
2025-07-30,dwarka,34.385714285714286,29.111201029202785,29.44710169985256,38.34285714285714,21.37142857142857
2025-07-31,dwarka,24.03428571428572,34.99150137201522,36.654779576822705,34.385714285714286,32.628571428571426
2025-08-01,dwarka,25.842857142857145,30.63532756684493,29.72341217440685,24.03428571428572,43.51428571428572
2025-08-02,dwarka,18.96857142857143,23.120777831149773,22.423959865396107,25.842857142857145,64.08571428571429
2025-08-03,dwarka,27.914285714285715,21.087072529589797,23.009585703053116,18.96857142857143,78.34285714285714
2025-08-04,dwarka,27.914285714285715,24.08571877627523,24.758864265855102,27.914285714285715,70.48571428571428
2025-08-05,dwarka,33.114285714285714,26.61274479544771,25.625743380037076,27.914285714285715,61.58571428571429
2025-08-06,dwarka,22.457142857142856,26.26187759553701,27.271986445185952,33.114285714285714,187.67142857142855
2025-08-07,dwarka,25.1,22.402174134543095,23.285917978926626,22.457142857142856,239.08571428571423
2025-08-08,dwarka,27.78857142857143,26.005067822068554,25.723689700418067,25.1,78.12857142857142
2025-08-09,dwarka,34.2,30.404359324801433,32.204213261241556,27.78857142857143,55.44285714285714
2025-08-10,dwarka,40.32857142857143,26.489345316695832,27.60940339051418,34.2,95.78571428571428
2025-08-11,dwarka,25.52857142857143,27.579347022335504,28.33144530582568,40.32857142857143,54.971428571428575
2025-08-12,dwarka,30.928571428571427,26.31457563320301,28.17569277311576,25.52857142857143,83.25714285714285
2025-08-13,dwarka,15.435714285714289,29.080681066225882,31.615847299100523,30.928571428571427,33.114285714285714
2025-08-14,dwarka,39.72857142857144,23.01884417401576,23.2169549025145,15.435714285714289,46.92857142857143
2025-08-15,dwarka,46.85714285714285,39.23478236776885,41.71410176500476,39.72857142857144,65.71428571428571
2025-08-16,dwarka,39.385714285714286,39.66592484972447,42.007383861196594,46.85714285714285,37.65714285714286
2025-08-17,dwarka,54.32857142857143,40.4219678960538,40.28859358636252,39.385714285714286,36.385714285714286
2025-08-18,dwarka,39.41428571428571,47.813616855072354,49.44784360222551,54.32857142857143,62.371428571428574
2025-08-19,dwarka,32.114285714285714,37.84594658800979,39.21971814163698,39.41428571428571,31.685714285714287
2025-08-20,dwarka,34.857142857142854,36.007013565407945,35.06230687616335,32.114285714285714,25.357142857142858
2025-08-21,dwarka,63.74285714285714,42.19139326103281,41.28225353029388,34.857142857142854,47.271428571428565
2025-08-22,dwarka,43.65714285714286,53.75096596015011,54.06720338089006,63.74285714285714,33.17142857142857
2025-08-23,dwarka,33.57142857142857,41.29881671222715,37.93609893425574,43.65714285714286,24.314285714285717
2025-08-24,dwarka,40.17142857142857,32.22025000447495,33.714011429521136,33.57142857142857,25.557142857142857
2025-08-25,dwarka,28.7,30.493231291161926,32.97921494192611,40.17142857142857,12.8
2025-08-26,dwarka,33.55714285714286,33.01524134575437,34.070734869576896,28.7,17.157142857142855
2025-08-27,dwarka,66.68571428571428,40.205906784562245,40.35403725435444,33.55714285714286,44.971428571428575
2025-08-28,dwarka,47.08571428571429,45.293950163020796,43.55101657938736,66.68571428571428,34.34285714285714
2025-08-29,dwarka,35.07142857142857,39.50820658407757,37.998797107977154,47.08571428571429,26.985714285714288
2025-08-30,dwarka,16.889999999999997,36.96305929755695,35.04349021093743,35.07142857142857,30.714285714285715
2025-08-31,dwarka,19.428571428571427,32.342741541275394,30.64072771171714,16.889999999999997,14.957142857142856
2025-09-01,dwarka,23.9,26.548123885927158,27.434921202197987,19.428571428571427,10.171428571428573
2025-09-03,dwarka,39.87142857142857,25.18716771830862,23.611739751977908,24.288571428571423,26.842857142857145
2025-09-04,dwarka,35.68571428571429,30.998790467486383,29.659243286458164,39.87142857142857,25.414285714285715
2025-09-05,dwarka,60.58571428571429,36.12724001863538,35.35305086850626,35.68571428571429,30.285714285714285
2025-09-06,dwarka,36.385714285714286,36.17742062139806,35.32980442946552,60.58571428571429,29.285714285714285
2025-09-07,dwarka,28.02857142857143,33.97517931459136,34.66818631433783,36.385714285714286,22.8
2025-09-08,dwarka,26.5,31.119411986152414,30.129096842516358,28.02857142857143,45.08571428571429
2025-09-09,dwarka,27.042857142857144,28.593117558326057,28.544084691657993,26.5,46.31428571428571
2025-09-10,dwarka,29.057142857142857,32.116496251011235,32.53232534055102,27.042857142857144,63.84285714285714
2025-09-11,dwarka,29.47142857142857,34.73620806402241,34.99854647799304,29.057142857142857,51.785714285714285
2025-09-12,dwarka,40.32857142857143,32.69806703690216,32.75164685555519,29.47142857142857,28.82857142857143
2025-09-13,dwarka,35.57142857142857,31.902838034003633,33.0897387414644,40.32857142857143,35.18571428571429
2025-09-14,dwarka,29.15714285714285,28.55470120312575,28.37122054254834,35.57142857142857,24.685714285714287
2025-09-15,dwarka,28.62857142857143,30.264044693031774,32.340094231891065,29.15714285714285,27.571428571428573
2025-09-16,dwarka,46.871428571428574,37.81628028991023,39.57240714045749,28.62857142857143,40.771428571428565
2025-09-17,dwarka,44.04285714285714,43.73275802689307,43.36654364938634,46.871428571428574,57.04285714285714
2025-09-18,dwarka,52.971428571428575,46.781913410799106,48.20750089429655,44.04285714285714,53.91428571428571
2025-09-19,dwarka,42.385714285714286,45.4464234966614,46.8892222340722,52.971428571428575,40.62857142857143
2025-09-20,dwarka,47.457142857142856,43.31225286313466,47.80607234076473,42.385714285714286,39.9
2025-09-21,dwarka,44.0,44.43583439744525,46.85538002221804,47.457142857142856,41.471428571428575
2025-09-22,dwarka,36.72857142857144,39.3570304684671,42.70474879555788,44.0,49.21428571428572
2025-09-23,dwarka,39.92857142857143,39.88409277763933,38.63802316506009,36.72857142857144,53.12857142857143
2025-09-24,dwarka,26.085714285714285,40.11966086196611,38.094097567869575,39.92857142857143,48.81428571428571
2025-09-25,dwarka,41.85714285714285,36.82041952725202,39.12596957552981,26.085714285714285,44.2
2025-09-26,dwarka,54.52857142857143,50.55874170896792,58.493323642942855,41.85714285714285,63.114285714285714
2025-09-27,dwarka,35.042857142857144,40.44203736863655,38.41871007212605,54.52857142857143,31.442857142857147
2025-09-29,dwarka,54.885714285714286,53.58077043145718,49.05921417566192,45.24285714285714,33.44285714285714
2025-09-30,dwarka,52.05714285714286,45.7989756387924,43.62543338664514,54.885714285714286,33.8
2025-10-01,dwarka,52.68571428571429,45.15417661119718,50.108111865048755,52.05714285714286,37.142857142857146
2025-10-02,dwarka,35.77142857142857,41.80842200043479,43.24019584795582,52.68571428571429,33.1
2025-10-03,dwarka,62.2,54.50675283944958,54.1168815257437,35.77142857142857,60.07142857142857
2025-10-04,dwarka,46.6,47.80193527114234,50.75298025656454,62.2,78.05714285714285
2025-10-05,dwarka,32.75714285714286,43.87600986677202,39.14012109840801,46.6,37.05714285714286
2025-10-06,dwarka,16.925714285714285,27.504579109598584,27.68052504178021,32.75714285714286,10.514285714285714
2025-10-07,dwarka,41.62857142857143,34.64580098939501,34.704542868266266,16.925714285714285,41.0
2025-10-08,dwarka,40.62857142857143,43.146424698275816,40.673163268032496,41.62857142857143,45.34285714285714
2025-10-09,dwarka,48.54285714285714,47.54250045038813,45.95618762881838,40.62857142857143,50.58571428571429
2025-10-10,dwarka,90.47142857142856,60.145563402975185,55.80419488988043,48.54285714285714,54.285714285714285
2025-10-11,dwarka,67.4,62.82963739003668,57.956733460125065,90.47142857142856,65.25714285714285
2025-10-12,dwarka,93.7,61.68935894195703,56.220660213865855,67.4,56.1
2025-10-13,dwarka,80.67142857142858,76.56539546881902,68.3453118791389,93.7,59.85714285714285
2025-10-14,dwarka,81.97142857142856,78.6947491719188,81.03111749168339,80.67142857142858,77.22857142857143
2025-10-15,dwarka,103.12857142857142,83.85056914151276,82.17705162487603,81.97142857142856,67.15714285714286
2025-10-16,dwarka,112.87142857142858,109.78075735517389,106.34569628268004,103.12857142857142,67.77142857142857
2025-10-17,dwarka,122.0,118.12899977412593,117.25138454364979,112.87142857142858,82.82857142857142
2025-10-18,dwarka,115.52857142857144,125.03977045013242,121.95303659625543,122.0,99.28571428571428
2025-10-20,dwarka,71.98571428571428,109.95821562715234,119.59047883585777,83.46000000000001,73.05714285714285
2025-10-21,dwarka,154.25714285714284,113.59806345989173,109.31359646336914,71.98571428571428,118.6
2025-10-22,dwarka,95.02857142857144,121.4883035492129,115.67013874370633,154.25714285714284,68.02857142857142
2025-10-23,dwarka,81.62857142857142,121.85233975029693,119.09840794287253,95.02857142857144,79.87142857142858
2025-10-24,dwarka,114.31428571428572,114.6718514772195,112.63781522870828,81.62857142857142,107.51428571428572
2025-10-25,dwarka,73.11428571428571,142.75013791451178,149.3813860216279,114.31428571428572,86.17142857142856
2025-10-26,dwarka,183.57142857142856,122.62675620728629,125.1694768928327,73.11428571428571,74.18571428571428
2025-10-27,dwarka,162.85714285714286,152.99759526387024,146.2382527498347,183.57142857142856,70.5
2025-10-28,dwarka,142.71428571428572,144.1758179387392,142.81792217159025,162.85714285714286,87.54285714285713
2025-10-29,dwarka,279.85714285714283,161.79425337514186,155.6431264055065,142.71428571428572,76.65714285714286
2025-10-30,dwarka,105.6,168.4425286515849,160.31890339649544,279.85714285714283,51.94285714285714
2025-10-31,dwarka,208.57142857142856,130.12288702342474,122.37441303804641,105.6,87.21428571428571
2025-11-01,dwarka,223.42857142857144,109.029247083762,112.99501708208345,208.57142857142856,90.94285714285716
2025-11-02,dwarka,78.32857142857142,119.12744118136804,133.11537433474098,223.42857142857144,72.12857142857142
2025-11-03,dwarka,79.55714285714285,107.2465848217136,112.56909356370392,78.32857142857142,63.68571428571429
2025-11-04,dwarka,65.95,81.91263790204513,92.0243474194111,79.55714285714285,77.64285714285714
2025-11-05,dwarka,176.14285714285714,48.163576418905,55.68626902250838,65.95,61.3
2025-11-06,dwarka,141.14285714285714,93.37420010982179,96.84405855546989,176.14285714285714,58.31428571428571
2025-11-07,dwarka,144.17142857142858,93.50664669730276,107.288355704666,141.14285714285714,53.6
2025-11-08,dwarka,94.45714285714288,106.9530145633617,114.15055231642559,144.17142857142858,67.18571428571428
2025-11-09,dwarka,151.14285714285714,91.0484529999839,100.61771259913051,94.45714285714288,79.91428571428571
2025-11-10,dwarka,218.14285714285717,111.56809086496732,120.51419049942761,151.14285714285714,93.11428571428571
2025-11-11,dwarka,163.4,117.83029976147789,124.94165456699142,218.14285714285717,105.67142857142858
2025-11-15,dwarka,89.55,99.29904724793039,107.00589843898464,90.44285714285716,75.74285714285715
2025-11-16,dwarka,93.98333333333332,96.63607694893865,105.91948524354343,89.55,79.72857142857143
2025-11-17,dwarka,191.5,131.32736910572953,139.06636926119612,93.98333333333332,134.4142857142857
2025-11-18,dwarka,193.57142857142856,175.62591151974124,165.24325321497204,191.5,134.78571428571428
2025-11-19,dwarka,130.12857142857143,183.50894675717208,178.53341681484292,193.57142857142856,147.31428571428572
2025-11-20,dwarka,154.85714285714286,172.2292277502267,173.4631236682559,130.12857142857143,118.14285714285714
2025-11-21,dwarka,97.8,163.81907454239825,163.5684254471905,154.85714285714286,156.57142857142858
2025-11-22,dwarka,104.31428571428572,148.7932955308449,150.82284689130003,97.8,195.1
2025-11-23,dwarka,134.66666666666666,147.548694264026,148.31750923838752,104.31428571428572,144.65714285714287
2025-11-24,dwarka,140.0,148.99964149837888,148.077456086272,134.66666666666666,99.7
2025-11-25,dwarka,99.74285714285716,136.60181067453334,132.82073377936132,140.0,100.75714285714284
2025-11-26,dwarka,159.28571428571428,167.0293182023214,165.22718303482486,99.74285714285716,108.52857142857144
2025-11-27,dwarka,164.71428571428572,138.84927965717722,141.113672515862,159.28571428571428,98.15714285714286
2025-11-28,dwarka,192.0,120.87617563117405,122.99382889868151,164.71428571428572,64.54285714285714
2025-11-29,dwarka,156.71428571428572,128.6005225400344,129.8114321079307,192.0,62.885714285714286
2025-11-30,dwarka,170.42857142857142,150.23159393036508,146.06062882217796,156.71428571428572,101.0
2025-12-01,dwarka,256.7142857142857,184.14476439340132,185.0047684068962,170.42857142857142,104.65714285714286
2025-12-02,dwarka,151.14285714285714,170.38629107019534,174.98884237958907,256.7142857142857,96.78571428571428
2025-12-03,dwarka,114.78571428571428,125.47861747743381,127.60370478450942,151.14285714285714,99.48571428571428
2025-12-04,dwarka,87.74285714285715,151.9390399579704,159.02729073089154,114.78571428571428,98.68571428571428
2025-12-05,dwarka,81.35714285714286,101.45059335080079,98.65911534984959,87.74285714285715,83.41428571428571
2025-12-06,dwarka,70.61428571428571,81.49538267811087,82.52942874359405,81.35714285714286,85.75714285714285
2025-12-07,dwarka,116.41428571428573,80.54433252693796,85.84072640020578,70.61428571428571,70.24285714285715
2025-12-08,dwarka,89.48571428571428,97.39386923090467,99.25110566911918,116.41428571428573,59.94285714285714
2025-12-09,dwarka,86.61428571428571,84.5159284836716,89.42069609646333,89.48571428571428,59.07142857142857
2025-12-10,dwarka,76.01428571428572,110.97384133267735,110.99973732149888,86.61428571428571,96.0
2025-12-11,dwarka,124.05714285714284,121.66474282479123,121.7984976843812,76.01428571428572,114.75714285714284
2025-12-12,dwarka,169.1,174.55588156985894,171.39993588330992,124.05714285714284,199.1
2025-12-13,dwarka,127.37142857142858,169.8931559102022,175.26783279496297,169.1,218.6
2025-12-14,dwarka,191.8571428571429,141.7902550878811,143.46800095189872,127.37142857142858,170.34285714285716
2025-12-15,dwarka,138.4857142857143,126.21838026082483,125.89577828035605,191.8571428571429,92.55714285714284
2025-12-16,dwarka,119.12857142857142,115.30855559342261,112.00160758721624,138.4857142857143,97.11428571428571
2025-12-17,dwarka,180.0,134.28187896124686,129.54264393417756,119.12857142857142,129.85714285714286
2025-12-18,dwarka,165.04285714285714,159.5116988920542,159.7535036249375,180.0,104.44285714285716
2025-12-19,dwarka,168.14285714285714,177.09230334811522,173.39450710685483,165.04285714285714,146.70000000000002
2025-12-20,dwarka,72.98571428571428,141.25244206432527,147.1975586348045,168.14285714285714,187.3428571428572
2025-12-21,dwarka,116.52857142857144,105.43159898117183,117.90854748601936,72.98571428571428,203.15714285714284
2025-12-22,dwarka,155.71428571428572,133.20412956290033,125.54394272916866,116.52857142857144,146.97142857142856
2025-12-23,dwarka,64.07142857142857,88.50378216776224,90.83382225608314,155.71428571428572,45.41428571428571
2025-12-24,dwarka,42.25714285714286,96.06735141878602,93.39167416548018,64.07142857142857,59.32857142857143
2025-12-25,dwarka,84.39999999999999,81.70510394927555,82.2242483322039,42.25714285714286,101.35714285714286
2025-12-26,dwarka,169.71428571428572,121.22514905454655,113.59030246681378,84.39999999999999,107.14285714285714
2025-12-27,dwarka,116.81428571428572,157.59111358869328,161.7034601109416,169.71428571428572,158.75714285714284
2025-12-28,dwarka,127.42857142857144,166.09438856070594,159.62962729336368,116.81428571428572,161.95714285714286
2025-12-29,dwarka,207.33333333333331,180.24874375649236,175.15311716513492,127.42857142857144,152.18571428571428
2025-12-30,dwarka,112.01428571428572,203.00097608977865,182.6930158308996,207.33333333333331,152.75714285714284
2025-12-31,dwarka,91.12857142857142,107.9630711682986,108.1763638779383,112.01428571428572,132.0142857142857
2026-01-01,dwarka,48.08571428571429,85.04660676734093,87.39610856646713,91.12857142857142,85.64285714285714
2026-01-02,dwarka,82.47142857142856,62.427619373917196,61.92697191226799,48.08571428571429,92.95714285714288
2026-01-03,dwarka,70.78571428571429,105.36663468218003,99.66158880342296,82.47142857142856,101.87142857142858
2026-01-04,dwarka,118.27142857142856,87.18966179779821,88.59435799091409,70.78571428571429,97.41428571428573
2026-01-05,dwarka,91.24285714285716,109.71479594575997,121.94650940090726,118.27142857142856,103.98571428571428
2026-01-06,dwarka,63.8,94.37488890506648,90.4279513830251,91.24285714285716,108.07142857142856
2026-01-07,dwarka,64.94285714285715,79.66449257451829,80.82293933378922,63.8,105.61428571428571
2026-01-08,dwarka,88.8,92.47969944783478,94.95905795497397,64.94285714285715,119.57142857142856
2026-01-09,dwarka,148.85714285714286,92.12802321848389,88.40408157600719,88.8,120.9
2026-01-10,dwarka,94.41428571428573,112.87481933242371,117.11142298763323,148.85714285714286,98.6
2026-01-11,dwarka,128.62857142857143,98.24872246830226,97.49175307682124,94.41428571428573,98.4
2026-01-12,dwarka,199.2,145.3676245836565,145.5504048054421,128.62857142857143,150.97142857142856
2026-01-13,dwarka,123.25714285714284,132.45546666227688,135.72901444238275,199.2,104.41428571428573
2026-01-14,dwarka,156.57142857142858,134.35955076349245,134.0589033896565,123.25714285714284,145.67142857142858
2026-01-15,dwarka,137.57142857142858,134.75389465279864,135.22805536080406,156.57142857142858,127.0
2026-01-16,dwarka,277.2857142857143,175.84049765549904,181.29368745396687,137.57142857142858,190.04285714285717
2026-01-17,dwarka,169.15714285714284,194.50382618961385,203.05027370930895,277.2857142857143,198.28571428571428
2026-01-18,dwarka,139.85714285714286,161.73713172391464,164.32890036458284,169.15714285714284,160.81428571428572
2026-01-19,dwarka,141.4857142857143,141.07536974583772,141.04776688480328,139.85714285714286,169.44285714285712
2026-01-20,dwarka,115.0,123.44865436896585,130.48938312569976,141.4857142857143,110.38571428571429
2026-01-21,dwarka,159.81428571428572,152.6601584210977,161.20383631301826,115.0,127.52857142857144
2026-01-22,dwarka,103.54285714285712,61.05490398681083,64.89987655886284,159.81428571428572,79.81428571428572
2026-01-23,dwarka,26.12857142857143,75.65214767136078,77.26849225538452,103.54285714285712,46.2
2026-01-24,dwarka,53.0,45.47469375815012,46.684505718002505,26.12857142857143,56.72857142857144
2026-01-25,dwarka,58.07142857142857,66.94013498321236,66.53303561212142,53.0,102.28571428571428
2026-01-26,dwarka,113.02857142857144,52.98954339517307,54.0360457297683,58.07142857142857,101.78571428571428
2026-01-27,dwarka,89.18571428571428,80.621182593289,75.88554011898141,113.02857142857144,52.94285714285714
2026-01-28,dwarka,68.17142857142856,87.20356604558897,86.41006645812462,89.18571428571428,92.95714285714288
2026-01-29,dwarka,90.61428571428571,75.74675188544143,76.48619134474555,68.17142857142856,77.28571428571429
2026-01-30,dwarka,216.0,111.99669809628526,112.11681150376569,90.61428571428571,140.77142857142857
2026-01-31,dwarka,105.62857142857142,112.3264385984778,118.73598183869677,216.0,83.31428571428572
2026-02-01,dwarka,119.14285714285714,133.51243719780777,131.54819453599694,105.62857142857142,157.79999999999998
2026-02-02,dwarka,133.85714285714286,111.05817773174584,125.3678826213748,119.14285714285714,136.68571428571428
2026-02-03,dwarka,292.2857142857143,124.50158863777492,130.28128676791658,133.85714285714286,142.25714285714287
2026-02-04,dwarka,138.42857142857142,137.91522824783095,142.71982011615768,292.2857142857143,73.62857142857142
2026-02-05,dwarka,112.57142857142856,96.45175294755869,90.21296976244751,138.42857142857142,61.885714285714286
2026-02-06,dwarka,103.81428571428572,97.4203922740882,95.08734782744683,112.57142857142856,60.68571428571429
2026-02-07,dwarka,104.38571428571429,92.26686168601782,97.00918573573796,103.81428571428572,55.85714285714285
2026-02-08,dwarka,157.62857142857143,142.65527832874085,143.4598545831486,104.38571428571429,107.01428571428572
2026-02-09,dwarka,135.8,126.69037563804687,129.2065365621524,157.62857142857143,96.75714285714284
2026-02-10,dwarka,209.8571428571429,131.9186030347391,133.59621990966164,135.8,104.11428571428571
2026-02-11,dwarka,84.87142857142858,103.95220895532564,98.5856023336174,209.8571428571429,51.1
2026-02-14,dwarka,95.54285714285712,116.54488871862605,112.72460318560712,143.83333333333334,59.67142857142857
2026-02-15,dwarka,120.3,133.18173103491563,120.11311395338633,95.54285714285712,70.38571428571429
2026-02-16,dwarka,62.24285714285714,97.67549191723488,88.18203610368325,120.3,61.1
2026-02-17,dwarka,132.1142857142857,69.3091748975027,68.94783538720094,62.24285714285714,47.1
2026-02-18,dwarka,147.1,146.5082942737979,146.22608987741913,132.1142857142857,88.64285714285714
2026-02-19,dwarka,124.07142857142856,122.66981986377058,129.09842808630125,147.1,75.71428571428571
2026-02-20,dwarka,122.85714285714286,103.48975556072182,100.58142366819345,124.07142857142856,67.22857142857143
2026-02-21,dwarka,124.11428571428571,117.81952300627988,109.64119602179156,122.85714285714286,75.37142857142858
2026-02-22,dwarka,119.7,142.91534009533302,140.85624732221694,124.11428571428571,93.85714285714286
2026-02-23,dwarka,145.85714285714286,143.1216727307722,142.44832598669763,119.7,96.2
2026-02-24,dwarka,115.5,122.4454788351503,122.85511804733385,145.85714285714286,84.95714285714287
2026-02-25,dwarka,86.65714285714286,118.75556687173842,112.33198482631042,115.5,86.34285714285714
2026-02-26,dwarka,101.58571428571427,107.43914123459965,105.79882146100768,86.65714285714286,74.08571428571429
2026-02-27,dwarka,89.60000000000001,122.37162237130654,125.10929052630583,101.58571428571427,75.97142857142856
2026-02-28,dwarka,67.77142857142857,83.87217408338047,82.16647534732189,89.60000000000001,109.08571428571427
2026-03-01,dwarka,74.60000000000001,81.11431658380455,75.86951569216171,67.77142857142857,138.9
2026-03-02,dwarka,81.8,75.4313446760277,66.55999003267247,74.60000000000001,182.15714285714284
2026-03-03,dwarka,66.87142857142858,86.66531220409644,86.62079264934884,81.8,157.78571428571428
2026-03-04,dwarka,59.34285714285714,67.21576577743328,59.715896583117335,66.87142857142858,211.14285714285717
2026-03-05,dwarka,67.12857142857142,77.31759326439416,78.40150117967626,59.34285714285714,92.37142857142858
2026-03-06,dwarka,140.5857142857143,98.4469302058234,100.3969688910533,67.12857142857142,112.31428571428572
2026-03-07,dwarka,119.02857142857144,121.51390068959692,122.64743522632318,140.5857142857143,103.8
2026-03-08,dwarka,85.8,113.70186362484492,114.04531015308665,119.02857142857144,103.68571428571428
2026-03-09,dwarka,125.0,114.367616094767,111.25204262503861,85.8,132.81428571428572
2026-03-10,dwarka,122.22857142857144,122.14194572126902,122.36591723950244,125.0,116.7
2026-03-11,dwarka,57.142857142857146,104.32530159189479,102.38482462328572,122.22857142857144,153.71428571428572
2026-03-12,dwarka,71.47142857142858,81.9435878642399,80.6020186043361,57.142857142857146,149.45714285714286
2026-03-13,dwarka,54.18571428571429,75.80130560325324,88.62158539339522,71.47142857142858,99.47142857142856
2026-03-14,dwarka,34.028571428571425,72.9330888511781,71.03081815713759,54.18571428571429,100.94285714285716
2026-03-15,dwarka,31.8,38.02935405091618,41.032357340767085,34.028571428571425,218.87142857142857
2026-03-16,dwarka,79.65714285714286,58.20770248693756,62.49931295460147,31.8,87.57142857142857
2026-03-17,dwarka,85.8,74.65239609821538,76.04549511468815,79.65714285714286,118.41428571428573
2026-03-18,dwarka,51.41428571428571,61.71418461388823,61.132759745963384,85.8,50.21428571428572
2026-03-19,dwarka,42.642857142857146,47.34390052309229,45.83202374056698,51.41428571428571,40.04285714285714
2026-03-20,dwarka,61.8,63.13359963612397,70.05442353281839,42.642857142857146,98.65714285714286
2026-03-21,dwarka,52.65714285714286,62.61299446495699,62.600192293470165,61.8,85.54285714285713
2026-03-22,dwarka,35.8,62.858149710487204,63.567740654573015,52.65714285714286,51.24285714285714
2026-03-23,dwarka,67.87142857142857,66.18419302924421,71.3255614662735,35.8,85.12857142857142
2026-03-24,dwarka,67.81428571428572,82.15957951834922,78.4525104026009,67.87142857142857,91.17142857142858
2026-03-25,dwarka,67.62857142857142,81.47248694778683,81.44932963656579,67.81428571428572,61.94285714285714
2026-03-26,dwarka,60.57142857142857,58.88298548291187,53.41271839255802,67.62857142857142,95.52857142857144
2026-03-27,dwarka,56.54285714285714,64.16543290945515,63.074492739866635,60.57142857142857,63.41428571428571
2026-03-28,dwarka,74.41428571428571,59.96767165088631,63.29760750490086,56.54285714285714,145.87142857142857
2026-03-29,dwarka,68.57142857142857,53.98670391628096,55.66305215900385,74.41428571428571,171.1142857142857
2026-03-30,dwarka,51.32857142857143,69.80388573098165,70.64933389870603,68.57142857142857,48.72857142857144
2026-03-31,dwarka,36.94285714285714,57.93346594102608,59.84053502874073,51.32857142857143,101.67142857142858
2026-04-01,dwarka,56.97142857142857,52.18329411165937,56.77174586493317,36.94285714285714,66.61428571428571
2026-04-02,dwarka,34.542857142857144,41.07199688934807,41.630992387226804,56.97142857142857,211.3857142857143
2026-04-03,dwarka,56.31428571428571,46.63829499268495,50.8105042275612,34.542857142857144,100.32857142857142
2026-04-04,dwarka,44.642857142857146,45.4789633019537,47.92904085145728,56.31428571428571,70.32857142857144
2026-04-05,dwarka,62.44285714285714,46.93993419308391,50.939550173179256,44.642857142857146,84.81428571428572
2026-04-06,dwarka,39.3,41.44153522885571,44.80846512799402,62.44285714285714,188.4
2026-04-07,dwarka,31.685714285714287,38.954487038053095,38.64711349627521,39.3,36.12857142857143
2026-04-08,dwarka,34.714285714285715,37.9208263216479,37.26089728182214,31.685714285714287,60.7
2026-04-09,dwarka,72.5,28.97749020287616,28.892049878196506,34.714285714285715,219.52857142857144
2026-04-10,dwarka,43.12857142857143,35.385503298962846,35.72758533789754,72.5,155.41428571428574
2026-04-11,dwarka,64.51428571428572,40.05849931714316,40.47216346790374,43.12857142857143,153.07142857142858
2026-04-12,dwarka,58.67142857142857,42.28629979928128,43.58697002808534,64.51428571428572,96.02857142857144
2026-04-13,dwarka,44.2,51.61973074249719,55.03013379086395,58.67142857142857,68.18571428571428
2026-04-14,dwarka,79.67142857142858,43.19465943416696,44.535047712324975,44.2,77.60000000000001
2026-04-15,dwarka,78.56,65.37196265913474,69.24067029858479,79.67142857142858,66.78571428571429
2026-04-16,dwarka,77.57142857142857,65.65260031662255,64.0978800749904,78.56,85.51428571428572
2026-04-17,dwarka,44.16666666666666,55.57201812993853,56.97843645362901,77.57142857142857,101.47142857142858
2026-04-18,dwarka,79.51428571428572,44.65224274822189,46.434417882510495,44.16666666666666,89.08571428571429
2026-04-19,dwarka,67.04285714285714,55.49335059491721,57.746106242103195,79.51428571428572,155.29999999999998
2026-04-20,dwarka,50.01428571428572,53.59147522687577,54.80402494399703,67.04285714285714,128.72857142857143
2026-04-21,dwarka,55.971428571428575,40.90018712611819,41.73800577262355,50.01428571428572,144.17142857142858
2026-04-22,dwarka,19.97142857142857,48.94651702906699,49.080850603943354,55.971428571428575,132.55714285714285
2026-04-23,dwarka,43.75,42.24081925026889,45.929174518195616,19.97142857142857,111.35714285714286
2026-04-24,dwarka,62.84285714285714,55.05661427793477,51.957727383207725,43.75,145.75714285714284
2026-04-25,dwarka,58.62857142857143,58.2212544630969,52.28842559022459,62.84285714285714,168.62857142857143
2026-04-26,dwarka,89.57142857142857,73.50425932724177,75.88021702727458,58.62857142857143,91.95714285714288
2026-04-27,dwarka,31.714285714285715,60.6010722477924,51.564263831969534,89.57142857142857,155.12857142857143
2026-04-28,dwarka,19.12857142857143,61.48519626960316,54.624636650316454,31.714285714285715,112.07142857142856
2026-04-29,dwarka,38.44285714285714,44.40873899194801,39.92727251272786,19.12857142857143,131.92857142857142
2026-04-30,dwarka,36.82857142857143,45.89910836616959,43.598152265504325,38.44285714285714,193.0
2026-05-01,dwarka,54.24285714285714,64.06810237723921,63.733149973838856,36.82857142857143,131.5857142857143
2026-05-02,dwarka,45.771428571428565,47.35088024488307,43.5309928698603,54.24285714285714,229.54285714285717
2026-05-03,dwarka,14.471428571428572,35.972269530042546,33.61444945667239,45.771428571428565,116.57142857142856
2026-05-04,dwarka,35.871428571428574,31.073705997697793,27.58260347919029,14.471428571428572,62.85714285714285
2026-05-05,dwarka,45.24285714285714,47.58264886574224,47.17862658587975,35.871428571428574,83.08571428571429
2026-05-06,dwarka,35.957142857142856,41.676598318372655,38.89723274328806,45.24285714285714,299.88571428571424
2026-05-07,dwarka,38.71428571428572,49.27356932087829,44.32076864916421,35.957142857142856,211.0142857142857
2026-05-08,dwarka,45.142857142857146,52.03975395777599,49.191925900747975,38.71428571428572,121.58571428571427
2026-05-09,dwarka,53.6,54.81868802679788,53.71472172645518,45.142857142857146,113.98571428571428
2026-05-10,dwarka,52.62857142857143,54.83648649938237,52.10158821892839,53.6,112.3
2026-05-11,dwarka,59.114285714285714,51.41524410102082,47.06634755307938,52.62857142857143,190.47142857142856
2026-05-12,dwarka,67.92857142857143,54.5294562135991,50.11846400149778,59.114285714285714,155.0142857142857
2026-05-13,dwarka,31.085714285714285,61.342227058554194,57.36160236200984,67.92857142857143,189.78571428571428
2026-05-14,dwarka,31.557142857142857,54.33648203029558,49.81917613730566,31.085714285714285,137.72857142857143
2026-05-15,dwarka,67.44285714285714,47.45415761005526,48.55242456537544,31.557142857142857,138.14285714285714
2026-05-16,dwarka,55.642857142857146,49.92326429570491,44.927559401226056,67.44285714285714,183.27142857142857
2026-05-17,dwarka,37.44285714285714,51.868196904848304,43.90439048052096,55.642857142857146,190.32857142857145
2026-05-18,dwarka,22.071428571428573,49.79345621688196,40.87978612339266,37.44285714285714,176.75714285714284
2026-05-19,dwarka,24.428571428571427,37.75537067974777,32.0369187668507,22.071428571428573,157.07142857142858
2026-05-20,dwarka,15.271428571428572,32.69003550977343,28.134692414971692,24.428571428571427,398.3285714285715
2026-05-21,dwarka,28.385714285714283,27.669276391705633,23.2679210856261,15.271428571428572,227.17142857142855
2026-05-22,dwarka,33.25714285714286,32.0636465920179,29.274556000368598,28.385714285714283,175.72857142857143
2026-05-23,dwarka,30.25714285714286,35.0371648259788,30.621012448243324,33.25714285714286,211.61428571428573
2026-05-24,dwarka,11.328571428571427,28.161437077607108,23.50557849537787,30.25714285714286,322.24285714285713
2026-05-25,dwarka,38.98571428571428,25.965956818320155,22.743826239374,11.328571428571427,207.54285714285717
2026-05-26,dwarka,45.84285714285715,35.839406042040686,31.940257290247914,38.98571428571428,165.0
2026-05-27,dwarka,62.371428571428574,39.7607703072659,36.862735518595606,45.84285714285715,346.7285714285714
2026-05-28,dwarka,33.58571428571428,43.38268481445661,38.72113380930552,62.371428571428574,223.1142857142857
2026-05-29,dwarka,17.585714285714285,35.31746560853335,31.188525211345567,33.58571428571428,178.35714285714286
2026-05-30,dwarka,28.985714285714288,28.527562426086167,29.2325699205799,17.585714285714285,109.55714285714284
2026-05-31,dwarka,37.98571428571428,34.158374608896764,30.611990717324975,28.985714285714288,98.58571428571427
2026-06-01,dwarka,40.1,41.05709195678635,40.4350150361944,37.98571428571428,71.25714285714285
2026-06-02,dwarka,46.2,44.89743357463006,50.27032257924736,40.1,70.28571428571429
2026-06-03,dwarka,44.15714285714286,47.926348481377005,48.07844966155929,46.2,180.4142857142857
2026-06-04,dwarka,23.828571428571426,49.05480477420185,44.95636989573929,44.15714285714286,110.9
2026-06-05,dwarka,49.55714285714286,38.35430901933388,36.984064465857955,23.828571428571426,93.3
2026-06-06,dwarka,23.457142857142856,45.61964434109187,40.6864052188136,49.55714285714286,159.0
2026-06-07,dwarka,24.27142857142857,31.847254928160314,31.775458323702914,23.457142857142856,213.58571428571423
2026-06-08,dwarka,25.52857142857143,31.43194382686599,31.9363682932735,24.27142857142857,322.2285714285714
2026-06-09,dwarka,24.8,28.21380665629489,28.36493943651719,25.52857142857143,216.44285714285715
2026-06-10,dwarka,27.4,32.175633081159475,30.396351224927216,24.8,361.5571428571429
2026-06-11,dwarka,15.257142857142856,25.76206201839495,24.34573938304069,27.4,159.78571428571428
2026-06-12,dwarka,18.7,32.67270109092521,33.25817152758448,15.257142857142856,176.08571428571426
2026-06-13,dwarka,32.82857142857143,29.574778078547507,32.155530771960805,18.7,138.32857142857142
2026-06-14,dwarka,16.842857142857145,26.219048581184573,24.556721675885157,32.82857142857143,172.14285714285714
2026-06-15,dwarka,27.314285714285717,25.524420312664983,21.072501343455773,16.842857142857145,153.47142857142856
2026-06-16,dwarka,31.428571428571427,22.86879444708102,22.327965092753395,27.314285714285717,115.88571428571429
2026-06-17,dwarka,33.04285714285714,28.02956723007137,27.104268054180135,31.428571428571427,86.31428571428572
2026-06-18,dwarka,24.342857142857145,30.349987037702572,26.10774036426129,33.04285714285714,160.3857142857143
2026-06-19,dwarka,39.75714285714286,24.663035639291376,23.653285706998325,24.342857142857145,153.42857142857142
2026-06-20,dwarka,19.142857142857142,31.155710334242226,27.299125173107964,39.75714285714286,260.92857142857144
2026-06-21,dwarka,10.485714285714286,25.605068692272877,24.57784421004205,19.142857142857142,169.57142857142858
2026-06-22,dwarka,45.98571428571428,18.023701256381578,18.428865751048665,10.485714285714286,90.14285714285714
2026-06-23,dwarka,30.728571428571428,26.301631216416773,23.337445459329995,45.98571428571428,175.8857142857143
2026-06-24,dwarka,31.457142857142856,28.890406936368187,24.210636807984997,30.728571428571428,92.97142857142856
2026-06-25,dwarka,25.15714285714285,29.27416118464284,24.82033647190167,31.457142857142856,55.91428571428571
2026-06-26,dwarka,33.271428571428565,30.841223049560128,28.04602348581588,25.15714285714285,92.97142857142858
2026-06-27,dwarka,29.457142857142856,35.15844796712602,30.50888542779718,33.271428571428565,89.3
2026-06-28,dwarka,23.82857142857143,33.63340500606403,29.916171853019303,29.457142857142856,151.65714285714284
2026-06-29,dwarka,23.87142857142857,25.94141280700793,24.663953510617368,23.82857142857143,291.5571428571428
2026-06-30,dwarka,30.67142857142857,24.78275719504966,24.46115366372274,23.87142857142857,57.72857142857144
2026-07-01,dwarka,10.7,30.872727124154213,29.66156905446291,30.67142857142857,63.957142857142856
2026-07-02,dwarka,41.98571428571428,24.89150548396838,25.364383919036612,10.7,28.814285714285717
2026-07-03,dwarka,50.91428571428571,37.410963660825736,37.35621785680089,41.98571428571428,46.72857142857144
2026-07-04,dwarka,51.52857142857143,35.21243114675374,36.993144581137,50.91428571428571,32.614285714285714
2026-07-05,dwarka,34.728571428571435,36.92605126802565,37.22167928229802,51.52857142857143,21.97142857142857
2026-07-06,dwarka,42.457142857142856,36.3031769786211,33.642087715608554,34.728571428571435,38.25714285714286
2026-07-07,dwarka,39.62857142857143,32.587362980083654,32.91285107245539,42.457142857142856,32.357142857142854
2026-07-09,dwarka,34.042857142857144,25.377398328522002,26.95318346304048,9.907692307692308,77.84285714285714
2026-07-10,dwarka,25.61428571428572,33.92690883094958,35.1416813628883,34.042857142857144,157.4857142857143
2026-07-11,dwarka,27.5,23.146076497403534,24.614242109934466,25.61428571428572,214.4142857142857
2026-07-12,dwarka,27.571428571428573,24.91626530662094,25.46311805989831,27.5,134.5
2026-07-13,dwarka,25.928571428571427,25.506479876215572,23.750398557187303,27.571428571428573,106.47142857142856
2026-07-14,dwarka,24.457142857142856,26.968907473686528,25.322178894232408,25.928571428571427,105.71428571428572
2026-07-15,dwarka,27.214285714285715,26.037953400199807,25.049694419484965,24.457142857142856,128.57142857142858
2026-07-16,dwarka,24.74285714285714,28.660205375715737,28.449183155364558,27.214285714285715,146.0142857142857
2026-07-17,dwarka,23.67142857142857,24.4731536410287,24.77210261382117,24.74285714285714,155.02857142857144
2026-07-18,dwarka,35.01428571428571,26.860453466362916,26.92645454033601,23.67142857142857,85.32857142857142
2026-07-19,dwarka,46.67142857142857,31.18331963345473,33.11710112676067,35.01428571428571,30.11428571428572
2026-07-20,dwarka,28.642857142857142,32.94083346255361,33.33427629843026,46.67142857142857,15.114285714285714
2026-07-21,dwarka,33.54285714285714,27.78218971919068,27.833036924316332,28.642857142857142,38.85714285714285
2026-07-22,dwarka,34.114285714285714,25.587632512232297,26.444027367250815,33.54285714285714,37.15714285714286
2026-07-23,dwarka,35.68571428571429,27.019000247994207,27.001904481203344,34.114285714285714,22.77142857142857
2026-07-24,dwarka,36.22857142857143,27.90834006327969,28.236006564282686,35.68571428571429,24.77142857142857
2026-07-25,dwarka,32.32857142857143,39.10773967582442,36.37070480760151,36.22857142857143,30.24285714285714
2026-07-26,dwarka,33.68571428571429,49.39517388488787,53.89381940468459,32.32857142857143,38.957142857142856
2026-07-27,dwarka,34.17142857142857,30.501074655700478,32.775721513520054,33.68571428571429,31.585714285714285
2026-07-28,dwarka,36.68571428571429,37.32129243483358,37.79148910831843,34.17142857142857,29.5
2026-07-29,dwarka,43.91428571428571,36.848734891020285,37.70774275929029,36.68571428571429,44.971428571428575
2026-07-30,dwarka,30.75714285714286,31.678912773576606,34.214303670055294,43.91428571428571,25.428571428571427
2026-07-31,dwarka,40.25714285714286,27.37406282215029,27.873769745504216,30.75714285714286,27.557142857142857
2026-08-01,dwarka,32.24285714285714,35.53625232407461,35.58976370572633,40.25714285714286,36.71428571428572
2026-08-02,dwarka,34.4,41.260582787220365,46.82779739990458,32.24285714285714,27.9
2026-08-03,dwarka,16.357142857142858,23.6712969662317,23.340192632967476,34.4,15.1
2026-08-04,dwarka,45.385714285714286,34.628824828702506,33.01433561545876,16.357142857142858,49.92857142857143
2026-08-05,dwarka,31.142857142857142,32.848076813508634,35.849703094321235,45.385714285714286,52.05714285714286
2026-08-06,dwarka,33.07142857142857,27.291390497571715,24.178997444831413,31.142857142857142,30.314285714285717
2026-08-07,dwarka,38.74285714285714,38.20587776369484,41.55161211835256,33.07142857142857,29.057142857142857
2026-08-08,dwarka,47.55714285714286,37.571438319076506,39.06010875401902,38.74285714285714,35.9
2026-08-09,dwarka,43.48571428571428,41.28567621745908,42.1818171822345,47.55714285714286,27.52857142857143
2026-08-10,dwarka,43.67142857142857,44.49767696877848,44.73395556994001,43.48571428571428,38.81428571428571
2026-08-11,dwarka,50.62857142857143,42.05404100930428,42.44392811739623,43.67142857142857,48.92857142857143
2026-08-12,dwarka,29.928571428571427,41.17889414218409,42.57697012418003,50.62857142857143,37.01428571428572
2026-08-15,dwarka,26.942857142857143,42.2020200626315,40.13628985663086,48.68571428571429,142.9857142857143
2026-08-17,dwarka,22.62857142857143,35.935602220675044,35.225045993533485,29.633333333333333,80.91428571428571
2026-08-18,dwarka,30.714285714285715,39.936512870850194,41.01831761476241,22.62857142857143,59.51428571428572
2026-08-19,dwarka,32.266666666666666,35.01437336250106,32.889670480830254,30.714285714285715,40.2
2026-08-20,dwarka,33.74285714285714,36.0717598754757,34.72405694412972,32.266666666666666,89.60000000000001
2026-08-21,dwarka,25.985714285714288,38.19632635384416,40.01080743946676,33.74285714285714,63.271428571428565
2026-08-22,dwarka,29.24285714285714,34.41999479804152,32.65360779193295,25.985714285714288,33.2
2026-08-23,dwarka,43.271428571428565,31.702403540505085,27.756508609083774,29.24285714285714,45.91428571428572
2026-08-24,dwarka,38.55714285714286,46.88039104561763,49.40546829987124,43.271428571428565,60.34285714285714
2026-08-25,dwarka,71.45714285714287,46.92877932057162,45.15296980475753,38.55714285714286,81.25714285714285
2026-08-26,dwarka,40.58571428571429,44.557243808985156,46.92263539035886,71.45714285714287,52.81428571428571
2026-08-27,dwarka,23.457142857142856,37.84878725977279,38.00827321473428,40.58571428571429,145.0
2026-08-28,dwarka,20.15,28.16360722277131,27.71549648439564,23.457142857142856,231.75714285714284
2026-08-30,dwarka,22.27142857142857,26.554225076511564,24.964337152921967,18.985714285714288,140.4857142857143
2026-08-31,dwarka,24.085714285714285,36.144492884079604,37.624563043003924,22.27142857142857,110.95714285714288
2026-09-01,dwarka,47.68571428571429,33.731289316688375,37.50626841789881,24.085714285714285,56.42857142857143
2026-09-02,dwarka,35.94285714285714,32.011903316266036,32.370787505299816,47.68571428571429,14.714285714285714
2026-09-03,dwarka,32.642857142857146,35.4770646159704,40.17354255499074,35.94285714285714,42.12857142857143
2026-09-04,dwarka,29.585714285714285,25.153060769338026,24.908342350312665,32.642857142857146,19.228571428571428
2026-09-05,dwarka,33.8,27.386735972051056,26.624703328588446,29.585714285714285,31.842857142857145
2026-09-06,dwarka,44.67142857142857,32.658472769634926,35.73149585594672,33.8,57.18571428571429
2026-09-07,dwarka,31.6,34.74018709831919,32.792770783307,44.67142857142857,61.957142857142856
2026-09-08,dwarka,28.428571428571427,29.375589517931147,31.82300156380816,31.6,115.4
2026-09-09,dwarka,31.81428571428572,31.519819928504894,30.23914533099911,28.428571428571427,81.54285714285713
2026-09-10,dwarka,61.642857142857146,37.590361387830534,35.2223187022907,31.81428571428572,63.84285714285714
2026-09-11,dwarka,32.285714285714285,33.33560105086428,35.06204300208677,61.642857142857146,19.185714285714287
2026-09-12,dwarka,36.84285714285714,28.285601634382253,31.739246014712652,32.285714285714285,23.17142857142857
2026-09-13,dwarka,41.21428571428572,32.69842557249657,33.60449933201492,36.84285714285714,22.785714285714285
2026-09-14,dwarka,55.0,37.86848718319495,40.246455211000665,41.21428571428572,33.0
2026-09-15,dwarka,39.41428571428571,54.908115325362516,55.35709227696034,55.0,35.51428571428571
2026-09-16,dwarka,40.17142857142857,44.67050938675453,46.157306341337666,39.41428571428571,51.17142857142857
2026-09-17,dwarka,32.92857142857143,39.21106837913892,41.92433045249976,40.17142857142857,25.15714285714285
2026-09-18,dwarka,54.48571428571428,57.78305353149032,61.54512235477843,32.92857142857143,57.58571428571429
2026-09-19,dwarka,111.88571428571429,65.57983924698246,72.6267534817779,54.48571428571428,64.42857142857143
2026-09-20,dwarka,66.91428571428571,83.12752200763676,82.51986899187092,111.88571428571429,63.35714285714285
2026-09-21,dwarka,84.11428571428571,80.8050823231895,80.70125778157477,66.91428571428571,74.8142857142857
2026-09-22,dwarka,79.74285714285715,82.05930703105902,88.23448838444457,84.11428571428571,59.785714285714285
2026-09-23,dwarka,46.08571428571429,60.45454552801604,63.92795994546639,79.74285714285715,40.62857142857143
2026-09-24,dwarka,10.571428571428571,47.65209038702322,43.84229611207327,46.08571428571429,36.3
2026-09-25,dwarka,28.642857142857142,43.82972965459843,42.71549286964086,10.571428571428571,45.01428571428572
2026-09-26,dwarka,16.242857142857144,38.03154639053631,38.1315610715861,28.642857142857142,27.02857142857143
2026-09-27,dwarka,42.114285714285714,31.721954661206944,31.370086016527395,16.242857142857144,35.1
2026-09-28,dwarka,41.271428571428565,35.31048862511493,37.299066167076596,42.114285714285714,54.142857142857146
2026-09-29,dwarka,51.114285714285714,38.44886320071717,36.8430174639144,41.271428571428565,69.5
2026-09-30,dwarka,48.371428571428574,42.94234855370882,40.77380796539825,51.114285714285714,84.41428571428571
2026-10-01,dwarka,48.385714285714286,39.04389590845972,39.602546882553,48.371428571428574,79.5
2026-10-02,dwarka,50.67142857142857,39.25803705042506,41.12487422075465,48.385714285714286,75.65714285714286
2026-10-03,dwarka,53.48571428571428,44.440240777125936,45.037425579073215,50.67142857142857,87.48571428571428
2026-10-04,dwarka,30.942857142857143,34.8971930409812,33.79195928127204,53.48571428571428,91.81428571428572
2026-10-07,dwarka,51.9,47.155292384191654,48.496118431461504,54.04285714285714,114.68571428571428
2025-02-19,anand_vihar,89.08333333333333,62.10745263124924,63.82310372200779,90.54285714285712,39.92857142857143
2025-02-24,anand_vihar,115.07142857142856,148.44104341386253,150.24526705363868,104.78571428571428,75.31428571428572
2025-02-25,anand_vihar,187.0,150.65721365410874,159.04282962835342,115.07142857142856,75.18571428571428
2025-02-26,anand_vihar,112.75,117.52943268631651,129.23409113413143,187.0,50.12857142857143
2025-03-01,anand_vihar,55.74285714285714,85.19887042085935,86.53452054497853,73.01428571428572,54.871428571428574
2025-03-02,anand_vihar,85.57142857142857,107.4611805443468,84.2510542907281,55.74285714285714,45.07142857142857
2025-03-03,anand_vihar,65.65714285714286,82.78189231663472,83.33794099318781,85.57142857142857,75.15714285714286
2025-03-04,anand_vihar,41.85714285714285,58.2232835721056,56.57909164245767,65.65714285714286,117.17142857142858
2025-03-05,anand_vihar,53.957142857142856,44.84629679373671,41.18134936403167,41.85714285714285,89.02857142857144
2025-03-06,anand_vihar,107.4,80.72611564722686,82.97060712101408,53.957142857142856,53.22857142857144
2025-03-07,anand_vihar,80.87142857142858,103.26907320088229,102.67920662675085,107.4,60.42857142857143
2025-03-08,anand_vihar,142.3,111.29032370318411,106.8601673824052,80.87142857142858,85.0
2025-03-09,anand_vihar,109.87142857142858,85.30789370550995,87.38903506590522,142.3,73.07142857142857
2025-03-10,anand_vihar,139.07142857142858,146.70265090137616,151.57141679101122,109.87142857142858,75.12857142857142
2025-03-11,anand_vihar,101.22857142857144,119.17596439368128,119.34715254896125,139.07142857142858,64.91428571428571
2025-03-12,anand_vihar,114.65714285714286,102.71883885903256,103.42300849351071,101.22857142857144,61.41428571428571
2025-03-13,anand_vihar,133.44285714285715,134.76570606458864,134.5778933577108,114.65714285714286,71.72857142857143
2025-03-14,anand_vihar,24.67142857142857,71.65189251514863,77.08338914164271,133.44285714285715,45.91428571428571
2025-03-15,anand_vihar,57.34285714285714,55.41377088397815,46.998990810194066,24.67142857142857,39.44285714285714
2025-03-16,anand_vihar,57.54285714285714,72.15372133676412,77.86570513403345,57.34285714285714,58.32857142857143
2025-03-17,anand_vihar,63.642857142857146,78.39805343352936,81.32562425456892,57.54285714285714,52.74285714285714
2025-03-18,anand_vihar,99.31428571428572,79.34801025393905,77.09832203528813,63.642857142857146,50.457142857142856
2025-03-19,anand_vihar,78.44285714285715,104.10748015490822,103.24960406515308,99.31428571428572,42.67142857142857
2025-03-20,anand_vihar,70.98571428571428,72.04312769531363,82.51796903553989,78.44285714285715,57.01428571428572
2025-03-21,anand_vihar,81.22857142857143,84.92171976344915,89.4370649471228,70.98571428571428,53.41428571428571
2025-03-22,anand_vihar,78.45714285714287,82.01795860823636,83.51859055173414,81.22857142857143,63.51428571428572
2025-03-23,anand_vihar,112.51428571428572,84.80315987719665,81.31382962582364,78.45714285714287,71.21428571428571
2025-03-24,anand_vihar,140.04999999999998,101.7123074379208,104.9125884620515,112.51428571428572,69.58571428571429
2025-03-25,anand_vihar,124.11428571428571,123.86670630091781,131.78539645510628,140.04999999999998,69.42857142857143
2025-03-26,anand_vihar,109.35714285714286,122.35874190283636,129.64889913295065,124.11428571428571,70.21428571428571
2025-03-27,anand_vihar,43.63333333333333,95.61378467262176,93.69742192579056,109.35714285714286,83.14285714285714
2025-03-28,anand_vihar,64.12857142857142,67.89290005303914,63.29679795722723,43.63333333333333,112.67142857142858
2025-03-29,anand_vihar,43.18333333333334,66.81701200623577,60.37196165147534,64.12857142857142,77.3
2025-03-30,anand_vihar,111.35714285714286,84.55789588149685,81.54821361024217,43.18333333333334,48.05714285714286
2025-03-31,anand_vihar,99.05,96.07608881380723,95.89663425499339,111.35714285714286,56.371428571428574
2025-04-01,anand_vihar,136.32857142857142,85.28588774247538,87.16961735289823,99.05,48.67142857142857
2025-04-02,anand_vihar,129.9,115.73008618266016,128.3994561995398,136.32857142857142,47.04285714285714
2025-04-04,anand_vihar,91.01428571428572,87.56889059869927,88.16548427823824,79.5,69.8
2025-04-05,anand_vihar,101.72857142857144,87.68930246247918,93.49673549876917,91.01428571428572,38.957142857142856
2025-04-06,anand_vihar,131.75714285714284,108.00441399782984,110.8768494816747,101.72857142857144,58.68571428571429
2025-04-07,anand_vihar,115.74285714285716,106.97937896722289,108.9739348088853,131.75714285714284,74.27142857142857
2025-04-12,anand_vihar,75.71428571428571,88.31309828134285,82.02629955836949,33.97142857142857,61.957142857142856
2025-04-13,anand_vihar,54.2,73.01489300527054,68.5540151692352,75.71428571428571,81.07142857142857
2025-04-15,anand_vihar,80.12,74.3251305569924,71.09292294788949,47.67142857142857,76.22857142857143
2025-04-17,anand_vihar,74.87142857142858,71.77199664045756,77.01661063303096,39.22857142857144,77.98571428571428
2025-04-18,anand_vihar,53.271428571428565,66.87574806884415,62.8337723561494,74.87142857142858,109.12857142857142
2025-04-19,anand_vihar,53.35714285714285,57.753739752270164,56.065724977585184,53.271428571428565,107.65714285714286
2025-04-20,anand_vihar,84.27142857142857,69.05214964270309,67.9853003493172,53.35714285714285,82.8
2025-04-21,anand_vihar,89.08571428571429,78.80785030701878,74.58829285496827,84.27142857142857,73.32857142857142
2025-04-22,anand_vihar,101.05714285714284,82.5529410404387,85.86301837257015,89.08571428571429,67.94285714285715
2025-04-23,anand_vihar,68.01428571428572,83.79796434195241,92.47302659711613,101.05714285714284,54.385714285714286
2025-04-24,anand_vihar,156.14285714285714,113.0118630842598,104.01987823447803,68.01428571428572,62.4
2025-04-25,anand_vihar,115.57142857142856,127.00521430390188,133.35180344514103,156.14285714285714,37.94285714285714
2025-04-26,anand_vihar,133.1142857142857,111.84362340464187,108.58537854954677,115.57142857142856,73.12857142857142
2025-04-27,anand_vihar,169.14285714285714,130.69963811052614,117.3050908344548,133.1142857142857,78.15714285714286
2025-04-28,anand_vihar,84.48571428571428,70.89068492583624,65.26263380328322,169.14285714285714,93.14285714285714
2025-04-29,anand_vihar,75.58571428571429,72.40012574437353,63.3946249751231,84.48571428571428,73.77142857142857
2025-04-30,anand_vihar,76.71428571428571,63.21066227906767,57.405291197514536,75.58571428571429,79.27142857142857
2025-05-01,anand_vihar,41.385714285714286,66.32150507020151,57.22656476233052,76.71428571428571,69.17142857142858
2025-05-02,anand_vihar,93.01428571428572,60.75758228781156,65.98411872313504,41.385714285714286,74.39999999999999
2025-05-03,anand_vihar,99.87142857142858,80.0128860981696,81.55583447247716,93.01428571428572,91.65714285714286
2025-05-04,anand_vihar,33.84285714285714,79.08496579729436,70.92638757945578,99.87142857142858,66.28571428571429
2025-05-05,anand_vihar,68.9,55.856477980858806,59.19208637475819,33.84285714285714,72.34285714285714
2025-05-06,anand_vihar,58.8,60.740985292363405,52.70237630660839,68.9,63.94285714285714
2025-05-07,anand_vihar,90.9,66.14175013602777,60.87763343992231,58.8,65.51428571428572
2025-05-08,anand_vihar,72.34285714285714,98.32846067722595,77.37577115731304,90.9,51.4
2025-05-09,anand_vihar,135.9,101.09089571153449,89.63770165296673,72.34285714285714,52.17142857142857
2025-05-10,anand_vihar,73.84285714285714,123.99183524461166,101.91004249176062,135.9,53.7
2025-05-11,anand_vihar,49.65714285714286,96.47414840581065,76.67676084099459,73.84285714285714,82.04285714285713
2025-05-12,anand_vihar,32.871428571428574,71.76868075531678,68.20728953963547,49.65714285714286,72.24285714285715
2025-05-13,anand_vihar,63.771428571428565,54.80454580591685,51.27584877823811,32.871428571428574,80.10000000000001
2025-05-14,anand_vihar,196.47142857142856,85.25117132751376,81.69244823902959,63.771428571428565,63.21428571428572
2025-05-15,anand_vihar,83.68571428571428,120.09755227866005,99.8520193954528,196.47142857142856,70.55714285714285
2025-05-16,anand_vihar,78.77142857142857,117.72146271734186,96.94863845389817,83.68571428571428,73.68571428571428
2025-05-17,anand_vihar,70.44285714285715,82.75134167731565,76.08973888978693,78.77142857142857,71.24285714285715
2025-05-18,anand_vihar,70.3,71.282705677833,67.71943592121704,70.44285714285715,101.37142857142858
2025-05-19,anand_vihar,57.6,86.03482391711105,81.79017969615786,70.3,118.48571428571428
2025-05-20,anand_vihar,65.8,77.8030800311231,71.59107423986936,57.6,112.54285714285712
2025-05-21,anand_vihar,34.857142857142854,63.417081753389155,56.73589575749708,65.8,146.75714285714284
2025-05-22,anand_vihar,43.54285714285714,38.34336341527438,36.4416241928959,34.857142857142854,94.55714285714284
2025-05-23,anand_vihar,54.41428571428571,45.7579953682678,41.62408364563184,43.54285714285714,88.17142857142856
2025-05-24,anand_vihar,25.164285714285715,39.676958403047635,40.42563633207634,54.41428571428571,113.21428571428572
2025-05-29,anand_vihar,76.24285714285715,65.11779828415428,57.85226816767967,51.75714285714285,94.82857142857142
2025-05-30,anand_vihar,106.94285714285716,76.33102521086842,77.97115598402051,76.24285714285715,127.4
2025-05-31,anand_vihar,49.385714285714286,73.33006217872848,77.4177058157383,106.94285714285716,87.0
2025-06-01,anand_vihar,57.02857142857143,62.715418169594564,62.157470125246654,49.385714285714286,75.91428571428571
2025-06-04,anand_vihar,86.15714285714286,71.1264307153318,67.01642370760295,61.68571428571428,128.3857142857143
2025-06-05,anand_vihar,42.02857142857143,107.26911677394087,99.10172199062168,86.15714285714286,83.24285714285715
2025-06-06,anand_vihar,60.12857142857143,65.50520995659672,60.9758367602672,42.02857142857143,69.27142857142857
2025-06-07,anand_vihar,78.01428571428572,69.18094373657193,69.38626744409243,60.12857142857143,90.51428571428572
2025-06-08,anand_vihar,102.27142857142856,72.44824724790942,69.43319639083246,78.01428571428572,97.92857142857144
2025-06-09,anand_vihar,63.3,78.84894956939236,78.61500345908891,102.27142857142856,87.08571428571429
2025-06-10,anand_vihar,54.41428571428571,66.48191934983869,70.21025788936001,63.3,97.32857142857144
2025-06-11,anand_vihar,78.14,67.10073255532566,63.821170289660834,54.41428571428571,120.51428571428572
2025-06-14,anand_vihar,50.614285714285714,71.74495829881877,67.60643635881328,59.65714285714286,93.8
2025-06-15,anand_vihar,37.25714285714286,50.715888486143676,53.255234052886415,50.614285714285714,79.2
2025-06-16,anand_vihar,58.24285714285714,61.00326673564427,59.77472150604364,37.25714285714286,42.34285714285714
2025-06-17,anand_vihar,47.48571428571428,52.44053238499213,53.16977002891371,58.24285714285714,28.057142857142857
2025-06-18,anand_vihar,26.02857142857143,60.83051200456982,58.55670357840864,47.48571428571428,38.3
2025-06-19,anand_vihar,42.34285714285714,31.77844042668865,32.47407656005391,26.02857142857143,22.014285714285712
2025-06-21,anand_vihar,27.728571428571428,50.16177223611808,45.167978681528005,38.43846153846154,46.65714285714286
2025-06-22,anand_vihar,62.7,51.28025501319136,50.82163999545629,27.728571428571428,60.34285714285714
2025-06-23,anand_vihar,36.75714285714286,54.729722200938234,53.42102350680475,62.7,57.785714285714285
2025-06-26,anand_vihar,17.514285714285712,38.05316235705725,38.432116106294465,24.02857142857143,30.75714285714286
2025-06-27,anand_vihar,46.2,40.311277913531065,42.43515509232495,17.514285714285712,32.871428571428574
2025-06-28,anand_vihar,51.42857142857143,50.01063026535738,48.264168599233656,46.2,46.35714285714285
2025-07-01,anand_vihar,26.042857142857144,45.48119010689304,47.54847814435426,31.3,32.285714285714285
2025-07-02,anand_vihar,24.2,33.33729363126138,34.716038733164496,26.042857142857144,28.485714285714288
2025-07-03,anand_vihar,22.3,38.40612959767464,39.92593099659367,24.2,31.5
2025-07-04,anand_vihar,36.385714285714286,33.28319773365132,35.408545016422984,22.3,49.971428571428575
2025-07-05,anand_vihar,39.01428571428572,43.00203805115449,43.344410158862175,36.385714285714286,62.2
2025-07-06,anand_vihar,19.564285714285717,43.05906424524332,41.233474601408425,39.01428571428572,44.41428571428572
2025-07-07,anand_vihar,40.75714285714286,42.443309087558454,41.77191455306084,19.564285714285717,51.41428571428571
2025-07-08,anand_vihar,29.91428571428571,37.42894303168624,36.52557467323111,40.75714285714286,47.5
2025-07-09,anand_vihar,23.414285714285715,39.47193535893746,38.48449342260459,29.91428571428571,42.6
2025-07-10,anand_vihar,49.81428571428571,35.2573255067553,35.35451253147922,23.414285714285715,56.92857142857143
2025-07-11,anand_vihar,68.92857142857143,51.22365671355397,45.27765202654724,49.81428571428571,52.457142857142856
2025-07-12,anand_vihar,36.9,67.35196607750673,67.18588205963579,68.92857142857143,45.34285714285714
2025-07-13,anand_vihar,28.62857142857143,46.363321198871844,49.61978794857576,36.9,32.05714285714286
2025-07-14,anand_vihar,28.285714285714285,26.404199140688924,28.11537432086055,28.62857142857143,22.52857142857143
2025-07-15,anand_vihar,43.5,35.84051496718527,36.43047108423002,28.285714285714285,40.81428571428571
2025-07-16,anand_vihar,21.4,41.477158273684196,40.6269496702933,43.5,32.542857142857144
2025-07-17,anand_vihar,33.47142857142857,36.84280012738137,37.78595174637312,21.4,35.01428571428571
2025-07-18,anand_vihar,22.314285714285717,29.407734728320424,30.18509411795319,33.47142857142857,18.8
2025-07-19,anand_vihar,36.457142857142856,38.00417847943836,34.90196649952467,22.314285714285717,45.4
2025-07-20,anand_vihar,65.65714285714286,40.27390235038811,41.459266786735526,36.457142857142856,49.0
2025-07-21,anand_vihar,41.12857142857143,48.49712606754958,48.275517322023774,65.65714285714286,52.02857142857143
2025-07-22,anand_vihar,34.41428571428571,46.14810427421658,47.458196024302126,41.12857142857143,45.67142857142857
2025-07-23,anand_vihar,58.8,39.271175566006434,37.47020094765627,34.41428571428571,52.385714285714286
2025-07-24,anand_vihar,60.82857142857143,46.79470042887764,45.411249540771955,58.8,54.642857142857146
2025-07-25,anand_vihar,38.02857142857143,60.03596043661954,58.912508313857195,60.82857142857143,37.25714285714286
2025-07-28,anand_vihar,34.24285714285714,51.84274363985949,50.740191586820586,47.2,47.04285714285714
2025-07-29,anand_vihar,42.02857142857143,42.26459406201231,44.50900369546507,34.24285714285714,38.32857142857143
2025-07-30,anand_vihar,40.41428571428571,35.934687971065834,35.78540856226271,42.02857142857143,30.2
2025-07-31,anand_vihar,24.385714285714283,40.732266734605695,42.19049244944458,40.41428571428571,40.05714285714286
2025-08-02,anand_vihar,37.271428571428565,36.87470973174058,34.18610418381483,34.385714285714286,49.3
2025-08-03,anand_vihar,26.91428571428571,36.58871627375025,36.63108083668773,37.271428571428565,73.25714285714285
2025-08-04,anand_vihar,39.25714285714286,33.19780965050705,33.52608214051767,26.91428571428571,55.65714285714286
2025-08-05,anand_vihar,29.342857142857145,37.50239030762253,35.08353863909794,39.25714285714286,52.65714285714286
2025-08-06,anand_vihar,39.44285714285714,36.58255192181448,38.19181137976882,29.342857142857145,99.85714285714286
2025-08-07,anand_vihar,57.24285714285714,40.21807262139768,39.097764598024455,39.44285714285714,130.44285714285715
2025-08-08,anand_vihar,16.692857142857143,37.6232380737289,32.99184873749162,57.24285714285714,80.07142857142857
2025-08-09,anand_vihar,58.7,39.367389120298,46.19330488060904,16.692857142857143,64.27142857142857
2025-08-10,anand_vihar,34.16428571428571,38.98772315830575,36.805255017073634,58.7,84.34285714285714
2025-08-11,anand_vihar,38.13333333333333,42.447940448498905,42.1826878420581,34.16428571428571,43.957142857142856
2025-08-12,anand_vihar,60.3,42.86645273523191,42.89313714510604,38.13333333333333,66.71428571428571
2025-08-13,anand_vihar,18.216666666666665,46.80496518923755,45.795408741940484,60.3,51.72857142857144
2025-08-14,anand_vihar,71.81428571428572,40.46736363481775,47.037815646241505,18.216666666666665,58.68571428571429
2025-08-15,anand_vihar,50.3,55.20189114772313,58.97265662684344,71.81428571428572,58.81428571428571
2025-08-16,anand_vihar,58.01428571428572,52.58101063001316,52.31757836725038,50.3,38.7
2025-08-17,anand_vihar,60.92857142857143,46.06017264966513,47.37900432425695,58.01428571428572,38.07142857142857
2025-08-18,anand_vihar,51.285714285714285,50.218160661942534,52.883929512954914,60.92857142857143,42.81428571428571
2025-08-19,anand_vihar,36.642857142857146,42.05668785230672,44.29429949756648,51.285714285714285,31.7
2025-08-21,anand_vihar,78.21428571428571,56.76315774814505,60.671906753830775,61.7,54.2
2025-08-22,anand_vihar,57.0,63.43968196593192,61.81537007421297,78.21428571428571,30.2
2025-08-23,anand_vihar,44.3,46.400641876941314,46.09362966956639,57.0,26.071428571428573
2025-08-24,anand_vihar,31.016666666666666,36.37837660937652,36.91840656352205,44.3,29.11428571428572
2025-08-25,anand_vihar,39.15714285714286,29.80505293543547,33.482371570667375,31.016666666666666,13.2
2025-08-26,anand_vihar,33.766666666666666,39.09308049411391,41.1352839417866,39.15714285714286,23.97142857142857
2025-08-27,anand_vihar,75.84285714285714,50.647845408732664,54.03659480234433,33.766666666666666,50.91428571428571
2025-08-28,anand_vihar,61.44285714285714,51.96672384028751,49.11951846547434,75.84285714285714,28.685714285714287
2025-08-30,anand_vihar,44.71428571428572,39.319315019766485,37.504288510632094,50.9,30.82857142857143
2025-08-31,anand_vihar,33.86666666666667,35.01336237203831,34.81220947673465,44.71428571428572,14.157142857142858
2025-09-01,anand_vihar,21.683333333333334,32.3590733851306,36.466029314277755,33.86666666666667,14.3
2025-09-03,anand_vihar,46.26666666666667,39.65625699194117,38.999453938812074,47.52857142857143,28.942857142857143
2025-09-04,anand_vihar,48.54285714285714,36.492169677032884,36.137949722589994,46.26666666666667,26.214285714285715
2025-09-05,anand_vihar,56.885714285714286,41.65048582171304,41.90439777882527,48.54285714285714,30.885714285714283
2025-09-06,anand_vihar,37.04285714285714,36.40066183051691,33.71348726017124,56.885714285714286,27.785714285714285
2025-09-07,anand_vihar,57.771428571428565,48.92253741332961,46.663854266660614,37.04285714285714,31.242857142857144
2025-09-09,anand_vihar,37.871428571428574,41.62695112116241,39.73612879366402,41.871428571428574,29.514285714285712
2025-09-10,anand_vihar,58.32857142857143,43.84228679455461,49.341891373774374,37.871428571428574,39.52857142857143
2025-09-11,anand_vihar,64.8,52.33665052421761,58.87046353964502,58.32857142857143,38.385714285714286
2025-09-12,anand_vihar,72.94285714285715,65.92805582366859,67.45194723780938,64.8,29.842857142857145
2025-09-13,anand_vihar,104.58571428571427,70.52289987980112,72.01244749116289,72.94285714285715,34.285714285714285
2025-09-14,anand_vihar,99.78333333333336,69.35252864918807,66.00963261744205,104.58571428571427,26.714285714285715
2025-09-15,anand_vihar,47.84285714285714,81.05569277127427,83.82917257969991,99.78333333333336,32.05714285714286
2025-09-16,anand_vihar,57.44285714285714,61.41342638611651,65.16720918240681,47.84285714285714,46.74285714285714
2025-09-18,anand_vihar,62.2,70.8091459686873,70.41643497943684,49.86,56.52857142857143
2025-09-19,anand_vihar,43.55714285714286,62.05067289910284,62.895032517272014,62.2,37.94285714285714
2025-09-20,anand_vihar,96.3,51.36401307612974,54.92970252175785,43.55714285714286,33.885714285714286
2025-09-21,anand_vihar,94.22857142857144,73.65008239726103,74.81651173119448,96.3,32.67142857142857
2025-09-26,anand_vihar,79.05714285714285,76.31787310729521,78.93791395174492,46.62857142857143,58.48571428571428
2025-09-27,anand_vihar,35.48571428571429,50.94792988789038,49.99563271163272,79.05714285714285,26.6
2025-09-28,anand_vihar,38.1,45.29930043522408,45.04030562388383,35.48571428571429,27.685714285714287
2025-09-29,anand_vihar,36.85714285714285,64.09328585103523,58.39153480708128,38.1,37.35714285714285
2025-09-30,anand_vihar,54.65714285714286,55.4379455557033,55.70969431085072,36.85714285714285,37.34285714285714
2025-10-01,anand_vihar,60.84285714285714,50.642371073702684,50.71408840481899,54.65714285714286,38.871428571428574
2025-10-02,anand_vihar,30.25714285714286,47.15942180107918,47.35061101966525,60.84285714285714,30.2
2025-10-03,anand_vihar,77.65714285714286,54.037689680312816,57.001222541138176,30.25714285714286,55.21428571428572
2025-10-04,anand_vihar,64.52857142857142,68.4567707740027,63.059313146395155,77.65714285714286,57.52857142857143
2025-10-05,anand_vihar,55.1,74.82450581792176,69.33227307176207,64.52857142857142,42.15714285714286
2025-10-06,anand_vihar,20.35,32.65833815701427,32.76585778815807,55.1,14.585714285714284
2025-10-07,anand_vihar,71.17142857142856,46.62461516585553,47.54078643403262,20.35,34.41428571428572
2025-10-08,anand_vihar,40.271428571428565,57.93005337589059,54.236022495865136,71.17142857142856,30.785714285714285
2025-10-09,anand_vihar,58.34285714285714,49.44620986309081,45.844642751340324,40.271428571428565,39.55714285714286
2025-10-10,anand_vihar,75.85714285714286,74.75148318103732,68.6942559144,58.34285714285714,39.98571428571428
2025-10-11,anand_vihar,79.84285714285714,71.85434247228179,65.29023078562138,75.85714285714286,55.8
2025-10-12,anand_vihar,89.77142857142857,74.30192656463137,69.687990645977,79.84285714285714,48.84285714285714
2025-10-13,anand_vihar,92.4,93.2881375275719,85.0312466872216,89.77142857142857,52.84285714285714
2025-10-14,anand_vihar,113.5,108.57190695771932,100.23803765488412,92.4,61.22857142857144
2025-10-15,anand_vihar,136.71428571428572,138.16305083104933,117.55907365606882,113.5,53.614285714285714
2025-10-16,anand_vihar,136.72857142857143,127.43460571085133,113.99593769869915,136.71428571428572,54.65714285714286
2025-10-17,anand_vihar,172.85714285714286,152.4454748658232,139.78195904179063,136.72857142857143,67.4
2025-10-18,anand_vihar,214.22857142857143,186.1370156192693,183.5608078469445,172.85714285714286,80.12857142857142
2025-10-20,anand_vihar,198.57142857142856,178.7504024499696,175.6056470172714,252.0928571428572,74.44285714285715
2025-10-21,anand_vihar,253.42857142857144,221.071230247664,226.37722988900518,198.57142857142856,110.24285714285716
2025-10-22,anand_vihar,178.33333333333334,202.7493995086792,190.56900315802042,253.42857142857144,60.98571428571428
2025-10-23,anand_vihar,158.28571428571428,222.61203581893434,217.99560662007258,178.33333333333334,71.4
2025-10-24,anand_vihar,275.57142857142856,274.829448643922,276.1474946327765,158.28571428571428,89.10000000000001
2025-10-27,anand_vihar,181.5,201.44429504343628,184.70114137381475,212.7142857142857,67.1
2025-10-28,anand_vihar,231.7142857142857,180.94937362689032,177.9776381504409,181.5,81.21428571428571
2025-10-29,anand_vihar,246.28571428571428,254.73612033721443,239.9225193414306,231.7142857142857,76.78571428571429
2025-10-30,anand_vihar,107.07142857142856,219.5565456487182,215.9154426713015,246.28571428571428,69.71428571428571
2025-10-31,anand_vihar,228.42857142857144,179.75326158810552,156.2079644993932,107.07142857142856,88.47142857142856
2025-11-01,anand_vihar,260.57142857142856,131.1292501784758,138.58515770002361,228.42857142857144,84.88571428571429
2025-11-02,anand_vihar,229.83333333333331,150.82710343727265,163.7872448564643,260.57142857142856,74.24285714285715
2025-11-05,anand_vihar,188.08571428571423,97.87043794210102,96.64847045320373,107.7,48.24285714285714
2025-11-06,anand_vihar,222.0,129.05512577511354,135.9114488496142,188.08571428571423,50.17142857142857
2025-11-07,anand_vihar,397.8571428571428,165.42007477429988,161.96324294409035,222.0,48.17142857142857
2025-11-08,anand_vihar,297.42857142857144,177.85780793075864,186.62859773848567,397.8571428571428,56.642857142857146
2025-11-09,anand_vihar,359.6,187.5774326865002,208.34889571295898,297.42857142857144,70.41428571428573
2025-11-11,anand_vihar,394.2857142857143,178.64094789074198,196.20040306841386,388.0,94.34285714285714
2025-11-12,anand_vihar,353.1428571428572,227.33805466260563,252.61693882241022,394.2857142857143,110.24285714285716
2025-11-15,anand_vihar,275.85714285714283,196.767706371005,204.96097011585388,274.42857142857144,72.91428571428573
2025-11-16,anand_vihar,216.14285714285717,210.16701735091993,215.7490127744829,275.85714285714283,85.12857142857142
2025-11-21,anand_vihar,324.0,329.31454326828043,309.0235635868312,273.2857142857143,173.55714285714288
2025-11-22,anand_vihar,414.7142857142857,328.37591768384925,326.6085437296227,324.0,179.0
2025-11-23,anand_vihar,283.57142857142856,311.52760320927376,299.83556224471084,414.7142857142857,135.0
2025-11-24,anand_vihar,239.57142857142856,272.889013394427,280.9446434093212,283.57142857142856,92.28571428571428
2025-11-25,anand_vihar,196.57142857142856,228.7886622866436,224.47855475350016,239.57142857142856,101.58571428571427
2025-11-26,anand_vihar,316.7142857142857,314.269348709661,320.5200630582418,196.57142857142856,112.29999999999998
2025-11-27,anand_vihar,203.57142857142856,280.3560130430516,268.656285059837,316.7142857142857,82.14285714285714
2025-11-28,anand_vihar,129.0,176.82976332416308,172.5823232188412,203.57142857142856,58.285714285714285
2025-11-29,anand_vihar,148.28571428571428,144.59753913354783,135.13214394717576,129.0,60.04285714285714
2025-11-30,anand_vihar,178.83333333333334,167.62024892482808,165.1232925541442,148.28571428571428,93.72857142857144
2025-12-01,anand_vihar,282.7142857142857,274.01115721226404,261.69710657312123,178.83333333333334,104.84285714285714
2025-12-02,anand_vihar,188.57142857142856,240.97758807621196,266.5126854684719,282.7142857142857,98.72857142857144
2025-12-05,anand_vihar,176.28571428571428,164.71908906605304,180.9721199698985,190.57142857142856,80.57142857142857
2025-12-06,anand_vihar,180.57142857142856,149.92500268547332,170.67916568936897,176.28571428571428,85.5
2025-12-07,anand_vihar,195.42857142857144,142.8427259738547,156.68978030409298,180.57142857142856,73.12857142857142
2025-12-08,anand_vihar,154.14285714285714,143.4973943052111,154.17012165002348,195.42857142857144,57.785714285714285
2025-12-09,anand_vihar,119.35714285714286,142.19399083596826,161.76878736797934,154.14285714285714,59.41428571428572
2025-12-10,anand_vihar,171.66666666666666,184.1251673446075,191.48985479542134,119.35714285714286,107.18571428571428
2025-12-11,anand_vihar,260.1428571428572,236.50307205766148,235.2976803422793,171.66666666666666,131.1142857142857
2025-12-12,anand_vihar,493.2857142857143,315.67389813782773,298.16209426113585,260.1428571428572,185.87142857142857
2025-12-13,anand_vihar,533.2857142857143,292.44413033532373,290.28565177463923,493.2857142857143,203.44285714285712
2025-12-14,anand_vihar,355.0,260.225708076651,267.1054417429134,533.2857142857143,152.3857142857143
2025-12-15,anand_vihar,195.42857142857144,192.0084292291116,212.72980700901212,355.0,88.41428571428571
2025-12-16,anand_vihar,223.7142857142857,171.93748532576905,186.9171893158459,195.42857142857144,95.21428571428572
2025-12-17,anand_vihar,284.0,213.35553423492075,221.1775407705369,223.7142857142857,144.5857142857143
2025-12-18,anand_vihar,260.2857142857143,254.13441796255475,251.90279877485668,284.0,112.67142857142858
2025-12-19,anand_vihar,301.0,269.7446671969257,260.0270332703019,260.2857142857143,143.15714285714287
2025-12-20,anand_vihar,223.8571428571429,224.09541839339636,261.8374882188053,301.0,192.92857142857144
2025-12-21,anand_vihar,269.0,215.72089802437927,230.6569065710375,223.8571428571429,193.3142857142857
2025-12-22,anand_vihar,261.57142857142856,222.13814702383294,219.5898587097561,269.0,125.2
2025-12-23,anand_vihar,122.11666666666667,140.67028698908032,151.04870916312663,261.57142857142856,48.0
2025-12-24,anand_vihar,130.85714285714286,155.23269885974958,158.4467975902099,122.11666666666667,68.88571428571429
2025-12-25,anand_vihar,215.14285714285717,215.69686464478104,226.46476578146013,130.85714285714286,106.85714285714286
2025-12-26,anand_vihar,329.2857142857143,240.5268736181306,229.84228403508823,215.14285714285717,112.55714285714284
2025-12-27,anand_vihar,330.0,271.17079713896135,267.6689141158837,329.2857142857143,167.8857142857143
2025-12-28,anand_vihar,314.1428571428572,279.6663370037534,277.32623658802345,330.0,160.45714285714286
2025-12-29,anand_vihar,337.7142857142857,281.6744893665743,267.48217863686625,314.1428571428572,143.9
2025-12-30,anand_vihar,218.0,305.3401879416536,288.4066421502325,337.7142857142857,168.79999999999998
2025-12-31,anand_vihar,234.14285714285717,166.5618601997763,182.93058730498936,218.0,135.21428571428572
2026-01-01,anand_vihar,90.57142857142856,151.09279873367583,156.89130522010555,234.14285714285717,83.5
2026-01-02,anand_vihar,141.71428571428572,142.12361901804454,131.9157253738197,90.57142857142856,86.75714285714285
2026-01-03,anand_vihar,171.14285714285714,190.5974087379395,188.88873825824152,141.71428571428572,103.02857142857144
2026-01-04,anand_vihar,160.14285714285714,185.37320059174124,189.81165265171802,171.14285714285714,102.22857142857144
2026-01-05,anand_vihar,202.57142857142856,171.8407244052728,176.48076012562223,160.14285714285714,106.08571428571427
2026-01-06,anand_vihar,149.71428571428572,188.294652973543,199.73099103593003,202.57142857142856,106.08571428571427
2026-01-07,anand_vihar,194.14285714285717,159.9694944989001,165.27964327853667,149.71428571428572,102.84285714285714
2026-01-08,anand_vihar,305.1428571428572,215.11233043836572,226.71316393988334,194.14285714285717,119.52857142857142
2026-01-09,anand_vihar,245.28571428571428,222.90080731086573,242.23017716130616,305.1428571428572,120.55714285714284
2026-01-22,anand_vihar,166.71428571428572,72.18534021694519,75.31062795258151,230.0,85.95714285714284
2026-01-23,anand_vihar,71.21428571428571,84.70945739023826,83.6219904164457,166.71428571428572,47.142857142857146
2026-01-24,anand_vihar,99.84285714285714,87.39171004040874,92.97892766038869,71.21428571428571,60.32857142857143
2026-01-25,anand_vihar,123.85714285714286,134.1390502586213,144.81425507283137,99.84285714285714,105.98571428571428
2026-01-27,anand_vihar,175.18571428571428,113.0853118996562,109.224817408097,276.53333333333336,54.0
2026-01-28,anand_vihar,101.4,170.1947113070748,159.38449634277217,175.18571428571428,87.92857142857143
2026-01-29,anand_vihar,160.2,117.82334402419566,115.90178610690678,101.4,80.82857142857142
2026-01-30,anand_vihar,258.7142857142857,172.7479098837435,178.34725013295653,160.2,143.44285714285715
2026-01-31,anand_vihar,97.87142857142858,145.47904948544638,157.70804184554402,258.7142857142857,93.75714285714284
2026-02-01,anand_vihar,143.42857142857142,160.8186942348483,151.83953013588044,97.87142857142858,131.94285714285715
2026-02-02,anand_vihar,159.14285714285714,147.617321394982,156.61515314149324,143.42857142857142,119.2
2026-02-04,anand_vihar,126.4,170.9395722694193,172.0560593191751,268.1428571428572,73.67142857142858
2026-02-05,anand_vihar,119.32857142857142,124.74418451357785,122.5624576710652,126.4,65.7
2026-02-06,anand_vihar,133.68571428571428,120.59625736161226,112.54451815714678,119.32857142857142,58.114285714285714
2026-02-09,anand_vihar,194.0,175.5550283249031,189.73938359983697,165.0,105.71428571428572
2026-02-12,anand_vihar,111.97142857142856,102.13686665373626,109.99050323193443,105.32857142857142,54.2
2026-02-13,anand_vihar,156.24285714285716,135.29399089946372,130.52797205003068,111.97142857142856,74.0
2026-02-14,anand_vihar,103.25714285714284,120.22151800650913,118.28395376683599,156.24285714285716,66.1
2026-02-20,anand_vihar,166.85714285714286,114.95334496352638,114.62520074045271,152.42857142857142,71.67142857142856
2026-02-21,anand_vihar,99.4,131.27565240161536,133.01049891425848,166.85714285714286,75.05714285714285
2026-02-22,anand_vihar,131.6142857142857,158.30678751629083,162.624741224178,99.4,89.61428571428571
2026-02-23,anand_vihar,159.44285714285712,160.35168422486137,161.3307244056847,131.6142857142857,94.72857142857144
2026-02-24,anand_vihar,143.54285714285714,156.94060889334446,157.87900746532776,159.44285714285712,82.45714285714287
2026-02-25,anand_vihar,127.11428571428571,127.09612691082754,121.70218732909827,143.54285714285714,66.61428571428571
2026-02-26,anand_vihar,104.47142857142856,129.44015433678788,130.72376095522205,127.11428571428571,62.08571428571429
2026-02-27,anand_vihar,158.0,141.75819593773858,147.0114463057054,104.47142857142856,75.11428571428571
2026-02-28,anand_vihar,92.65714285714286,110.36339595061523,105.64645007515125,158.0,64.17142857142858
2026-03-01,anand_vihar,105.64285714285714,92.50634788212199,93.32644623568206,92.65714285714286,74.47142857142856
2026-03-02,anand_vihar,107.11428571428571,99.67946609814223,87.78450242016014,105.64285714285714,83.47142857142856
2026-03-03,anand_vihar,88.92857142857143,93.50267141514618,86.02716787782143,107.11428571428571,76.10000000000001
2026-03-04,anand_vihar,84.83333333333333,80.91956352028198,75.23930309730899,88.92857142857143,99.77142857142856
2026-03-05,anand_vihar,117.57142857142856,104.20964428235382,94.35658123047321,84.83333333333333,85.22857142857143
2026-03-06,anand_vihar,165.8,140.38281541672146,139.97949197874888,117.57142857142856,100.77142857142856
2026-03-08,anand_vihar,113.33333333333331,119.7331063087442,106.26789931014885,165.42857142857142,74.41428571428571
2026-03-11,anand_vihar,84.39999999999999,105.56518623395145,116.64631216537074,123.30833333333332,75.0
2026-03-13,anand_vihar,94.14285714285714,86.08594746094421,96.89629732774806,65.35384615384615,65.01428571428572
2026-03-18,anand_vihar,96.08571428571427,92.47248123593468,97.62411484269185,151.28,52.51428571428572
2026-03-19,anand_vihar,65.22857142857143,79.64036312962904,76.84466202799565,96.08571428571427,42.471428571428575
2026-03-20,anand_vihar,115.97142857142856,96.79504189634264,107.25146040445793,65.22857142857143,69.47142857142858
2026-03-21,anand_vihar,62.08571428571429,92.18856845865028,96.20104048911634,115.97142857142856,49.02857142857143
2026-03-22,anand_vihar,50.642857142857146,89.8096411643587,100.12145969024421,62.08571428571429,55.52857142857143
2026-03-23,anand_vihar,78.22857142857143,98.40693332204545,99.11477768772758,50.642857142857146,67.42857142857143
2026-03-24,anand_vihar,126.18333333333334,98.74678793987418,99.94703946769323,78.22857142857143,55.785714285714285
2026-03-27,anand_vihar,121.42857142857144,76.01078446096206,81.16219467336764,56.57142857142857,38.271428571428565
2026-03-28,anand_vihar,90.14285714285714,75.6691285190658,77.12159005990019,121.42857142857144,82.92857142857143
2026-03-29,anand_vihar,79.8,67.8978945606276,69.86555839564363,90.14285714285714,97.41428571428573
2026-03-30,anand_vihar,80.97142857142856,81.43587550840398,84.62113749679025,79.8,39.285714285714285
2026-03-31,anand_vihar,62.76666666666667,77.12439147677782,82.67986191215643,80.97142857142856,67.11428571428571
2026-04-01,anand_vihar,126.68571428571428,87.71823555746602,90.47339266538276,62.76666666666667,40.31428571428571
2026-04-02,anand_vihar,127.32857142857142,72.0139293113658,70.00651479432342,126.68571428571428,125.22857142857144
2026-04-04,anand_vihar,84.42857142857143,68.41999285713128,62.91068142165143,52.47272727272727,48.72857142857144
2026-04-05,anand_vihar,93.2,93.36535798320575,101.91605525954748,84.42857142857143,58.24285714285714
2026-04-06,anand_vihar,70.02857142857142,56.5753731242658,59.183667890621706,93.2,77.68571428571428
2026-04-08,anand_vihar,63.06,65.80060743417468,65.62602888403248,34.31428571428571,52.65714285714286
2026-04-09,anand_vihar,61.75714285714286,48.93703004800215,47.03224508428341,63.06,92.87142857142858
2026-04-10,anand_vihar,34.885714285714286,41.932579779251476,44.7123754072679,61.75714285714286,86.25714285714285
2026-04-11,anand_vihar,96.61428571428571,61.71458914002192,61.63566726734297,34.885714285714286,64.91428571428573
2026-04-12,anand_vihar,59.785714285714285,69.43420857597152,68.82780707267811,96.61428571428571,47.71428571428572
2026-04-13,anand_vihar,84.62857142857142,73.87522689387299,81.13596834914838,59.785714285714285,40.871428571428574
2026-04-14,anand_vihar,108.75714285714284,72.31020681665677,77.73494228078641,84.62857142857142,36.24285714285714
2026-04-15,anand_vihar,125.28571428571428,104.06761420939152,104.77603446874832,108.75714285714284,44.57142857142857
2026-04-17,anand_vihar,117.94285714285716,112.11337325850151,111.79481744758682,165.18571428571428,87.84285714285714
2026-04-18,anand_vihar,222.28571428571428,96.92833324313601,108.8684473103579,117.94285714285716,64.11428571428571
2026-04-19,anand_vihar,91.41666666666669,99.85983261626099,101.39965608581512,222.28571428571428,88.44285714285715
2026-04-20,anand_vihar,87.24285714285715,82.6092527864287,94.73719584889646,91.41666666666669,66.77142857142857
2026-04-21,anand_vihar,144.83333333333334,107.01894110085959,106.12624969708632,87.24285714285715,65.55714285714285
2026-04-22,anand_vihar,75.58571428571429,97.64127060424762,104.439375015912,144.83333333333334,51.55714285714286
2026-04-23,anand_vihar,101.22857142857144,101.28278634915974,99.1537039583239,75.58571428571429,53.785714285714285
2026-04-24,anand_vihar,150.71428571428572,126.45175240290389,112.3611474184299,101.22857142857144,90.65714285714286
2026-04-25,anand_vihar,112.4,103.40909319606699,93.81200128413016,150.71428571428572,94.77142857142856
2026-04-26,anand_vihar,93.51428571428572,131.33265168935347,122.18231941840942,112.4,62.885714285714286
2026-04-27,anand_vihar,86.55714285714285,99.70690242837904,78.18701379622196,93.51428571428572,121.41428571428573
2026-04-28,anand_vihar,35.614285714285714,97.08024974715165,87.81835737220061,86.55714285714285,45.271428571428565
2026-04-29,anand_vihar,139.95714285714286,100.89288625055259,96.02598535145964,35.614285714285714,74.32857142857142
2026-04-30,anand_vihar,40.85714285714285,69.28155043369169,69.45088920896009,139.95714285714286,78.91428571428571
2026-05-01,anand_vihar,97.75714285714284,79.02168289336674,81.45290600365016,40.85714285714285,81.42857142857143
2026-05-07,anand_vihar,48.471428571428575,55.549733672287545,49.74919868960132,42.1,73.39999999999999
2026-05-08,anand_vihar,52.885714285714286,64.85662256453217,62.370469677287005,48.471428571428575,55.52857142857143
2026-05-09,anand_vihar,49.6,65.59246416962911,61.15660449627863,52.885714285714286,67.07142857142857
2026-05-10,anand_vihar,66.52857142857142,66.85832392430258,63.831121265438185,49.6,66.52857142857144
2026-05-11,anand_vihar,70.52857142857142,57.513257312686754,53.51268904941879,66.52857142857142,97.05714285714284
2026-05-12,anand_vihar,73.0,71.059810751876,66.84395750259569,70.52857142857142,105.62857142857142
2026-05-13,anand_vihar,51.457142857142856,87.87891374860648,83.4344345970384,73.0,139.42857142857142
2026-05-14,anand_vihar,53.61666666666667,61.956210702816314,53.58478617148904,51.457142857142856,95.02857142857144
2026-05-15,anand_vihar,77.11428571428571,74.18462140856722,72.67941208454458,53.61666666666667,115.85714285714286
2026-05-16,anand_vihar,84.0,73.67832061466737,58.688933710968236,77.11428571428571,116.57142857142856
2026-05-17,anand_vihar,69.64285714285714,79.75513761540003,72.03345491548299,84.0,113.07142857142856
2026-05-18,anand_vihar,93.78571428571428,76.18954962077716,63.829517807641324,69.64285714285714,102.98571428571428
2026-05-19,anand_vihar,72.92857142857143,81.64516589077313,73.51026124695485,93.78571428571428,79.3
2026-05-20,anand_vihar,92.11428571428571,65.35231387225417,55.351385260978965,72.92857142857143,205.07142857142856
2026-05-21,anand_vihar,74.91666666666667,80.63627272947342,70.90770097825876,92.11428571428571,142.62857142857143
2026-05-22,anand_vihar,116.28571428571428,74.54846051582876,66.91656974025243,74.91666666666667,97.45714285714284
2026-05-23,anand_vihar,118.0,82.2791183436699,76.39226632451772,116.28571428571428,119.85714285714286
2026-05-24,anand_vihar,109.85714285714286,83.48119456743662,73.67767269641863,118.0,147.54285714285714
2026-05-25,anand_vihar,103.67142857142858,88.75655454471064,83.69350305177389,109.85714285714286,118.45714285714288
2026-05-26,anand_vihar,123.83333333333331,92.40372296997751,91.82027353590718,103.67142857142858,105.72857142857144
2026-05-28,anand_vihar,50.61666666666667,66.01929362896226,62.01486947451416,83.28571428571429,135.14285714285714
2026-05-29,anand_vihar,33.11666666666667,59.61803332194458,51.73193410525504,50.61666666666667,82.54285714285713
2026-06-03,anand_vihar,94.92857142857144,69.48978255836133,71.40291886361628,62.142857142857146,82.14285714285714
2026-06-04,anand_vihar,45.642857142857146,62.24445493334979,64.86380360964833,94.92857142857144,91.11428571428571
2026-06-05,anand_vihar,77.04285714285713,72.13891007663618,67.80705859157808,45.642857142857146,91.04285714285712
2026-06-06,anand_vihar,58.885714285714286,64.84353742680702,65.46808892858317,77.04285714285713,107.62857142857142
2026-06-07,anand_vihar,57.34285714285714,50.94852789473328,52.283639175000026,58.885714285714286,102.4
2026-06-08,anand_vihar,66.82857142857144,65.12109290012332,67.17395140983432,57.34285714285714,105.3
2026-06-12,anand_vihar,44.91666666666666,55.07774338045595,56.849783865216146,40.66363636363637,109.85714285714286
2026-06-13,anand_vihar,89.88571428571429,62.70313017984083,66.90957006790471,44.91666666666666,102.65714285714286
2026-06-14,anand_vihar,59.68571428571429,64.88857475458772,66.11945463585968,89.88571428571429,80.92857142857143
2026-06-15,anand_vihar,9.7,57.58303562977951,58.49335423900103,59.68571428571429,108.65714285714286
2026-06-17,anand_vihar,59.4,55.66392015236259,54.880214662486964,56.785714285714285,74.41428571428571
2026-06-18,anand_vihar,70.8,53.306608546371436,52.69791933813898,59.4,139.0857142857143
2026-06-20,anand_vihar,31.166666666666668,49.630409711490984,50.476958884308566,67.42857142857143,127.65714285714286
2026-06-21,anand_vihar,52.82857142857143,44.723108850074965,45.067438996184706,31.166666666666668,127.38571428571429
2026-06-26,anand_vihar,44.07142857142857,67.5982555630768,70.04712996482831,51.18571428571429,104.22857142857144
2026-06-27,anand_vihar,53.457142857142856,59.583318587944476,58.36823546082676,44.07142857142857,72.02857142857142
2026-06-28,anand_vihar,34.66428571428571,57.450247402860235,59.279423770535054,53.457142857142856,102.82857142857142
2026-06-29,anand_vihar,59.91428571428571,53.73102694562108,54.98322563725649,34.66428571428571,224.5142857142857
2026-06-30,anand_vihar,51.01428571428572,42.97348378504413,41.97603934670064,59.91428571428571,53.07142857142857
2026-07-01,anand_vihar,31.641666666666666,54.64742168691547,53.28666984547865,51.01428571428572,52.8
2026-07-02,anand_vihar,67.37142857142858,39.603546556737605,39.72040586549308,31.641666666666666,28.82857142857143
2026-07-03,anand_vihar,35.77142857142857,50.15265246495163,57.98892565256428,67.37142857142858,40.08571428571429
2026-07-04,anand_vihar,65.38571428571429,45.160802637596746,44.87719394426675,35.77142857142857,33.885714285714286
2026-07-05,anand_vihar,44.94285714285714,53.72774514424925,59.63329195987776,65.38571428571429,23.885714285714283
2026-07-06,anand_vihar,49.24285714285714,54.17537818641677,47.170397206562996,44.94285714285714,43.34285714285714
2026-07-07,anand_vihar,46.54285714285714,35.04638702726346,36.26221617910892,49.24285714285714,32.27142857142857
2026-07-08,anand_vihar,20.36,30.13014017840738,33.470413073144286,46.54285714285714,27.67142857142857
2026-07-09,anand_vihar,53.7,36.166375086418476,36.05356790881623,20.36,52.8
2026-07-10,anand_vihar,99.26,47.08834426813416,47.57054705328773,53.7,138.72857142857143
2026-07-12,anand_vihar,85.48571428571428,55.51340464783995,57.137948907276154,85.51428571428572,123.85714285714286
2026-07-13,anand_vihar,74.38,56.96984042156826,58.302391986412324,85.48571428571428,102.92857142857144
2026-07-14,anand_vihar,64.44285714285715,53.0837969914145,53.03812634615379,74.38,95.95714285714288
2026-07-15,anand_vihar,79.54285714285713,63.405784191592076,61.8311784815244,64.44285714285715,116.95714285714288
2026-07-16,anand_vihar,69.92857142857143,74.1983693892628,80.5030198275571,79.54285714285713,117.28571428571428
2026-07-17,anand_vihar,69.42857142857143,62.959869986290705,71.698865276827,69.92857142857143,136.0142857142857
2026-07-18,anand_vihar,78.78571428571429,62.89816384522956,66.33536961266691,69.42857142857143,89.65714285714286
2026-07-19,anand_vihar,73.48571428571428,64.16908742478815,62.50421231685198,78.78571428571429,38.471428571428575
2026-07-20,anand_vihar,49.2,52.18297216508286,50.45909794007802,73.48571428571428,15.4
2026-07-22,anand_vihar,45.01428571428572,33.33672788677227,36.145357565892496,66.64999999999999,26.52857142857143
2026-07-23,anand_vihar,53.05,35.7931709568734,37.51053081725716,45.01428571428572,25.857142857142858
2026-07-24,anand_vihar,54.31428571428571,34.06958038545377,35.83699827580407,53.05,28.01428571428572
2026-07-25,anand_vihar,53.74285714285714,50.09655135877773,49.73944325424749,54.31428571428571,33.58571428571428
2026-07-26,anand_vihar,52.25714285714286,74.74867593197291,75.69014011700453,53.74285714285714,56.17142857142857
2026-07-27,anand_vihar,44.52,40.41989028791161,44.17666612243522,52.25714285714286,45.54285714285714
2026-07-29,anand_vihar,63.94285714285714,56.71240625863418,58.25988348516084,73.95714285714287,47.94285714285714
2026-07-30,anand_vihar,36.8,34.34226320171905,39.57464154119656,63.94285714285714,22.37142857142857
2026-07-31,anand_vihar,49.642857142857146,30.005064598974204,31.955988740495176,36.8,28.9
2026-08-01,anand_vihar,71.64285714285714,43.30041022943041,42.93899371390375,49.642857142857146,38.4
2026-08-02,anand_vihar,62.91428571428571,52.53245098774448,52.90802622232045,71.64285714285714,30.985714285714288
2026-08-03,anand_vihar,54.41428571428571,41.48586523052426,40.32527640799893,62.91428571428571,27.985714285714288
2026-08-04,anand_vihar,64.64285714285714,56.76227895606959,60.76979519786808,54.41428571428571,42.771428571428565
2026-08-05,anand_vihar,62.72857142857144,55.25138845880131,53.94358665400378,64.64285714285714,54.55714285714286
2026-08-07,anand_vihar,62.4,56.86541862276591,60.34201985801865,66.31666666666666,40.52857142857143
2026-08-08,anand_vihar,75.97142857142856,52.45832670127607,52.40993769729444,62.4,39.85714285714285
2026-08-09,anand_vihar,61.32857142857143,55.792360190733326,57.36853692049138,75.97142857142856,31.77142857142857
2026-08-11,anand_vihar,77.68571428571428,67.71662888834042,71.54926825499193,58.32727272727272,49.18571428571429
2026-08-12,anand_vihar,89.0,62.66833089554118,65.8461303361049,77.68571428571428,43.65714285714286
2026-08-13,anand_vihar,89.12857142857142,71.10848249908958,81.6688421650972,89.0,43.37142857142857
2026-08-14,anand_vihar,82.65714285714286,72.56563777724823,71.14999587814269,89.12857142857142,57.21428571428572
2026-08-15,anand_vihar,87.39999999999999,60.860226094579275,62.137728754170986,82.65714285714286,81.32857142857142
2026-08-16,anand_vihar,62.04285714285714,61.659662889101995,60.44315555317348,87.39999999999999,58.771428571428565
2026-08-17,anand_vihar,63.58571428571429,77.44665218251052,80.13815062880744,62.04285714285714,59.67142857142857
2026-08-18,anand_vihar,136.04285714285714,63.695564417738666,64.88960600797162,63.58571428571429,55.32857142857143
2026-08-19,anand_vihar,129.25714285714284,85.97537657664331,88.47808021662598,136.04285714285714,34.82857142857143
2026-08-20,anand_vihar,118.71428571428572,76.80361896363536,77.32112904581217,129.25714285714284,38.15714285714286
2026-08-21,anand_vihar,50.785714285714285,89.98318455278368,88.12327205008037,118.71428571428572,54.385714285714286
2026-08-22,anand_vihar,54.06666666666666,51.255625215152655,51.958317808858176,50.785714285714285,32.68571428571429
2026-08-23,anand_vihar,121.8,72.31712963164313,72.4060096348924,54.06666666666666,61.22857142857144
2026-08-24,anand_vihar,64.23333333333333,118.55112137150175,123.42541524578375,121.8,63.01428571428572
2026-08-25,anand_vihar,84.62857142857142,70.41858313777497,73.39622820383426,64.23333333333333,75.01428571428572
2026-08-26,anand_vihar,98.5,72.58764277998051,76.00312369536647,84.62857142857142,64.51428571428572
2026-09-04,anand_vihar,1.0,41.87773088594245,45.2127014051527,38.69571428571429,23.985714285714288
2026-09-05,anand_vihar,1.0,34.30757926353632,35.603827465106285,1.0,29.571428571428573
2026-09-06,anand_vihar,67.71428571428571,57.17444322300511,55.987697445452206,1.0,55.44285714285714
2026-09-07,anand_vihar,44.18571428571429,60.024827649904076,60.6051434124046,67.71428571428571,49.25714285714286
2026-09-08,anand_vihar,21.916666666666668,44.374585954192824,45.012744911321995,44.18571428571429,63.9
2026-09-09,anand_vihar,25.5,37.46240350122208,38.855954930301046,21.916666666666668,56.72857142857144
2026-09-10,anand_vihar,53.142857142857146,36.726203783732814,36.160999546644476,25.5,68.2
2026-09-11,anand_vihar,49.5,33.57122268740596,36.769039913056325,53.142857142857146,19.67142857142857
2026-09-12,anand_vihar,29.714285714285715,33.5914852945397,37.46995850362959,49.5,26.214285714285715
2026-09-13,anand_vihar,35.42857142857143,32.36524596330008,35.05167439779441,29.714285714285715,23.15714285714285
2026-09-14,anand_vihar,51.285714285714285,42.505882884107734,45.76718076533378,35.42857142857143,42.9
2026-09-15,anand_vihar,51.92857142857143,62.56891992443135,65.79215489493255,51.285714285714285,63.271428571428565
2026-09-16,anand_vihar,47.82857142857143,48.437271590140895,51.175624844471386,51.92857142857143,39.41428571428571
2026-09-17,anand_vihar,34.75,37.651185332996064,43.48128882301242,47.82857142857143,31.857142857142858
2026-09-18,anand_vihar,79.42857142857143,64.850252312676,70.719297726969,34.75,44.84285714285714
2026-09-19,anand_vihar,86.78571428571429,74.402528189958,84.82322889986727,79.42857142857143,63.68571428571429
2026-09-20,anand_vihar,68.21428571428571,76.73862673149273,84.79940681389095,86.78571428571429,57.8
2026-09-21,anand_vihar,92.61428571428571,88.73928353852612,96.2925415084719,68.21428571428571,60.32857142857143
2026-09-22,anand_vihar,87.21428571428571,93.2451506830642,93.10177775103185,92.61428571428571,59.75714285714286
2026-09-23,anand_vihar,47.85714285714285,74.26414979064764,71.34291488299844,87.21428571428571,43.24285714285714
2026-09-24,anand_vihar,26.08333333333333,44.16442480524096,44.936827649214266,47.85714285714285,23.942857142857143
2026-09-25,anand_vihar,17.142857142857142,49.70778308405028,48.39206467680461,26.08333333333333,49.54285714285714
2026-09-26,anand_vihar,16.428571428571427,38.74741362291023,39.95767300086776,17.142857142857142,20.62857142857143
2026-09-27,anand_vihar,18.642857142857142,37.02837569144297,35.42534089461388,16.428571428571427,22.4
2026-09-28,anand_vihar,39.142857142857146,36.42761215893689,35.511153285437,18.642857142857142,34.01428571428571
2026-09-29,anand_vihar,51.142857142857146,41.572885443599795,41.05499273858497,39.142857142857146,48.2
2026-09-30,anand_vihar,46.07142857142857,45.894465266786135,45.841635909871485,51.142857142857146,58.67142857142857
2026-10-01,anand_vihar,57.142857142857146,41.259388924581366,40.76728142933778,46.07142857142857,63.12857142857143
2026-10-03,anand_vihar,44.0,45.67599148614767,50.967875585503876,53.07142857142857,74.87142857142858
2026-10-04,anand_vihar,40.5,37.16452297580237,39.144125858207346,44.0,72.34285714285714
2026-10-05,anand_vihar,49.57142857142857,55.78128665456854,52.30120747669925,40.5,82.55714285714285
2026-10-06,anand_vihar,43.92857142857143,44.891067472819586,47.14758338448007,49.57142857142857,78.88571428571429
2025-02-19,rk_puram,53.871428571428574,56.168503403256665,60.93389363307022,82.15714285714286,39.957142857142856
2025-02-20,rk_puram,100.55714285714284,42.38405187259207,42.82419564139406,53.871428571428574,52.42857142857143
2025-02-21,rk_puram,73.32857142857142,73.93752970008971,72.20508461568167,100.55714285714284,58.72857142857144
2025-02-22,rk_puram,82.05714285714285,84.47197951536819,89.75678206625498,73.32857142857142,54.785714285714285
2025-02-23,rk_puram,98.4,107.3763347695076,102.11084762585432,82.05714285714285,73.58571428571429
2025-02-24,rk_puram,100.75714285714284,124.02558338578618,125.22429474200788,98.4,77.89999999999999
2025-02-25,rk_puram,141.57142857142858,127.1287645866733,144.5587393829541,100.75714285714284,78.10000000000001
2025-02-26,rk_puram,72.18571428571428,101.62336756571634,106.88948178572016,141.57142857142858,52.82857142857143
2025-02-27,rk_puram,57.5,50.84591598909258,50.967213422868475,72.18571428571428,46.87142857142857
2025-02-28,rk_puram,69.15714285714286,44.687537287786014,48.11541405763999,57.5,45.35714285714285
2025-03-04,rk_puram,35.67142857142857,41.309215421996264,41.99308820714656,53.41428571428571,304.25714285714287
2025-03-05,rk_puram,50.642857142857146,38.117553466930694,35.41506808485332,35.67142857142857,225.8
2025-03-06,rk_puram,107.07142857142856,66.27554764514232,73.6093018683604,50.642857142857146,92.27142857142856
2025-03-07,rk_puram,66.7,93.53321377493249,91.19637973890237,107.07142857142856,123.77142857142856
2025-03-08,rk_puram,119.61428571428571,93.92405475469967,87.69672783989913,66.7,113.72857142857144
2025-03-09,rk_puram,102.57142857142856,68.28777319382051,72.55173249281061,119.61428571428571,150.81428571428572
2025-03-10,rk_puram,139.6142857142857,126.29391463022723,134.6540169526388,102.57142857142856,76.64285714285714
2025-03-11,rk_puram,139.4,112.17916160465852,107.42638022689188,139.6142857142857,95.01428571428572
2025-03-12,rk_puram,113.07142857142856,113.02413138554589,112.41035876618935,139.4,88.64285714285714
2025-03-13,rk_puram,96.51428571428572,127.0844230571541,141.76641829422817,113.07142857142856,107.55714285714284
2025-03-15,rk_puram,56.7,53.17252670025467,49.25322177109518,29.92,148.22857142857143
2025-03-16,rk_puram,80.75714285714285,67.42736342423042,69.07226185385991,56.7,133.04285714285714
2025-03-17,rk_puram,78.2,81.72844326643889,88.67249738546894,80.75714285714285,107.52857142857144
2025-03-18,rk_puram,81.82857142857142,91.26715471255426,89.97948584204626,78.2,87.02857142857142
2025-03-19,rk_puram,73.08571428571429,103.55172298483544,103.65686485112933,81.82857142857142,68.84285714285714
2025-03-22,rk_puram,70.15714285714286,79.2329494922184,78.30321239834649,64.72857142857143,75.04285714285713
2025-03-23,rk_puram,90.01428571428572,82.74439000247693,85.53790881381717,70.15714285714286,103.51428571428572
2025-03-24,rk_puram,122.25714285714284,83.26504948282269,90.7300860922387,90.01428571428572,101.31428571428572
2025-03-25,rk_puram,109.14285714285714,99.34957417810195,104.89743798197588,122.25714285714284,112.38571428571429
2025-03-26,rk_puram,98.14285714285714,89.68811234425013,91.4780620241489,109.14285714285714,157.3857142857143
2025-03-27,rk_puram,64.0,79.18037566227184,81.36063609174879,98.14285714285714,232.7
2025-03-28,rk_puram,84.8,54.517618842244005,52.288089127245854,64.0,277.1428571428572
2025-03-29,rk_puram,46.771428571428565,56.89769751785115,57.13497848165073,84.8,184.45714285714288
2025-03-30,rk_puram,104.32857142857142,80.13816427165933,80.59286360507625,46.771428571428565,110.1
2025-03-31,rk_puram,104.42857142857144,95.21700903606674,97.84038382408228,104.32857142857142,123.8
2025-04-01,rk_puram,139.22857142857143,99.72135034670954,101.6588928993508,104.42857142857144,71.71428571428571
2025-04-02,rk_puram,88.75714285714285,137.2528145767099,137.072831449275,139.22857142857143,98.01428571428572
2025-04-03,rk_puram,103.95714285714288,100.26674071994066,101.87163365710937,88.75714285714285,72.38571428571429
2025-04-04,rk_puram,102.44285714285716,77.83929012093888,85.60681709247612,103.95714285714288,134.72857142857143
2025-04-05,rk_puram,87.15714285714286,88.26322732838409,90.84929986330438,102.44285714285716,87.75714285714285
2025-04-12,rk_puram,60.48571428571428,84.36544380924525,82.55406452742578,39.78333333333333,78.61428571428571
2025-04-13,rk_puram,85.08571428571429,73.8994597792224,71.24898239797224,60.48571428571428,112.07142857142856
2025-04-15,rk_puram,71.86,83.68476381306213,78.63888521755797,76.3,110.32857142857142
2025-04-17,rk_puram,73.42857142857143,73.50165338256055,77.2804146170711,58.142857142857146,124.68571428571428
2025-04-18,rk_puram,68.8,60.355885907170624,60.23727554737995,73.42857142857143,206.27142857142857
2025-04-21,rk_puram,75.57142857142857,63.935634799729016,66.37795204098782,90.42857142857144,135.85714285714286
2025-04-22,rk_puram,95.14285714285714,69.19589176213981,75.75535623862581,75.57142857142857,123.97142857142856
2025-04-23,rk_puram,79.22857142857143,82.62677568608383,85.35371781857226,95.14285714285714,96.18571428571428
2025-04-24,rk_puram,99.11428571428571,108.14265372844051,102.49716191694178,79.22857142857143,106.87142857142858
2025-04-25,rk_puram,145.71428571428572,103.90230511149109,103.91185017606976,99.11428571428571,59.01428571428572
2025-04-26,rk_puram,104.22857142857144,103.07300898121582,100.43015853442726,145.71428571428572,99.3142857142857
2025-04-27,rk_puram,139.0,119.50753971008925,110.08408348246085,104.22857142857144,111.37142857142858
2025-05-01,rk_puram,37.22,64.94484764994037,51.47472635381402,78.97142857142856,86.38571428571429
2025-05-02,rk_puram,101.4,56.662013126529835,58.56877355215333,37.22,111.08571428571427
2025-05-03,rk_puram,148.71428571428572,68.00546170711048,76.44923125604085,101.4,158.97142857142856
2025-05-04,rk_puram,31.87142857142857,92.80930906717029,75.84108096066048,148.71428571428572,123.18571428571428
2025-05-05,rk_puram,56.285714285714285,50.45433804034347,51.17839326187139,31.87142857142857,105.6
2025-05-06,rk_puram,67.3,57.84812267023927,49.91356960140126,56.285714285714285,131.1
2025-05-07,rk_puram,102.87142857142858,74.76302293791828,64.97718435601426,67.3,131.32857142857142
2025-05-08,rk_puram,74.41428571428571,96.63965396152553,75.5204217829572,102.87142857142858,48.457142857142856
2025-05-09,rk_puram,128.12857142857143,89.58659624372207,78.88571352342123,74.41428571428571,54.2
2025-05-10,rk_puram,75.22857142857143,128.98868720940982,106.08617588434544,128.12857142857143,99.74285714285716
2025-05-11,rk_puram,56.31428571428571,89.24378680653336,72.16187838949588,75.22857142857143,107.55714285714284
2025-05-12,rk_puram,34.614285714285714,75.81764191921906,71.39155239877556,56.31428571428571,133.77142857142857
2025-05-13,rk_puram,57.91428571428571,57.48973033123862,51.31275183496312,34.614285714285714,107.28571428571428
2025-05-14,rk_puram,257.35714285714283,82.53435313356333,71.97495795608361,57.91428571428571,108.4
2025-05-15,rk_puram,95.47142857142856,128.83335700207317,106.90379052598537,257.35714285714283,141.42857142857142
2025-05-16,rk_puram,49.65714285714286,99.05962621415524,80.94262984253447,95.47142857142856,140.6142857142857
2025-05-17,rk_puram,64.72857142857143,64.35235108107526,57.18496238843178,49.65714285714286,144.0
2025-05-18,rk_puram,73.62857142857142,60.38427941396373,56.61276873555563,64.72857142857143,194.25714285714284
2025-05-19,rk_puram,65.02857142857142,76.22511119368832,69.58966645762996,73.62857142857142,180.7428571428572
2025-05-20,rk_puram,67.0,83.20619741561117,73.46637964912881,65.02857142857142,237.95714285714288
2025-05-21,rk_puram,24.814285714285717,64.50863883392233,54.02797590363743,67.0,278.6
2025-05-22,rk_puram,35.98571428571429,32.81978107260556,31.488132621046645,24.814285714285717,249.52857142857144
2025-05-23,rk_puram,52.52857142857143,41.97675048850196,36.72956526883069,35.98571428571429,231.87142857142857
2025-05-24,rk_puram,25.485714285714288,37.26162016136413,37.03390568277926,52.52857142857143,254.65714285714287
2025-05-29,rk_puram,76.34285714285714,70.5368773023391,65.2590135767318,62.41428571428571,165.42857142857142
2025-05-30,rk_puram,78.45714285714287,68.6318444915367,70.40243738894917,76.34285714285714,111.55714285714284
2025-05-31,rk_puram,51.62857142857143,55.123829997440545,58.43935657545733,78.45714285714287,143.9142857142857
2025-06-01,rk_puram,48.84285714285714,58.054555220946355,54.25019172091949,51.62857142857143,108.47142857142856
2025-06-04,rk_puram,43.08571428571429,55.018047105478075,49.86598733024427,60.98571428571428,130.4714285714286
2025-06-05,rk_puram,78.12857142857142,63.887123774773045,59.327160708385634,43.08571428571429,76.25714285714285
2025-06-06,rk_puram,46.73333333333333,48.91982999821731,47.1785254693838,78.12857142857142,78.17142857142858
2025-06-07,rk_puram,59.3,58.112290581167834,56.29336495543266,46.73333333333333,133.8
2025-06-08,rk_puram,63.17142857142857,64.4270745500325,61.804207916365584,59.3,154.05714285714288
2025-06-09,rk_puram,48.32857142857142,63.95583633198572,61.758451198587885,63.17142857142857,168.24285714285716
2025-06-10,rk_puram,47.82857142857143,69.40390525182478,71.66087655861726,48.32857142857142,152.87142857142857
2025-06-11,rk_puram,80.7,60.85528751489505,58.769566476777015,47.82857142857143,172.68571428571428
2025-06-12,rk_puram,69.12857142857142,49.5573600689274,53.52673399125636,80.7,251.5428571428572
2025-06-13,rk_puram,56.24285714285714,59.23966387328566,57.229862564936155,69.12857142857142,138.64285714285714
2025-06-17,rk_puram,50.2,39.33675295022497,40.9823215494198,53.3,22.67142857142857
2025-06-18,rk_puram,32.82857142857143,46.78802266952858,47.30595880023026,50.2,31.585714285714285
2025-06-19,rk_puram,35.957142857142856,27.088763199419667,30.067290259651312,32.82857142857143,17.8
2025-06-21,rk_puram,25.228571428571428,45.76678258687023,41.37249014247715,40.66153846153846,55.65714285714286
2025-06-22,rk_puram,71.4,47.56231015227853,48.00565481091522,25.228571428571428,65.28571428571429
2025-06-23,rk_puram,113.12857142857142,57.138157666844215,55.68614976483656,71.4,62.22857142857144
2025-06-26,rk_puram,18.428571428571427,38.5049431593927,42.281226687351804,31.52857142857143,29.985714285714288
2025-06-27,rk_puram,54.7,36.77757656084724,38.820392357093404,18.428571428571427,26.65714285714285
2025-06-28,rk_puram,107.82857142857142,42.34884346667639,41.047804886061904,54.7,36.385714285714286
2025-07-01,rk_puram,26.0,43.30035473620845,45.21855834830365,29.785714285714285,35.27142857142857
2025-07-02,rk_puram,33.91428571428571,34.654088993660466,34.59706707249657,26.0,29.342857142857145
2025-07-03,rk_puram,45.21428571428572,40.98365477240367,41.60255244519532,33.91428571428571,31.585714285714285
2025-07-04,rk_puram,394.8142857142857,50.123362524933455,49.40818417078201,45.21428571428572,35.94285714285714
2025-07-05,rk_puram,42.85714285714285,60.442526055735065,74.58852655346803,394.8142857142857,42.62857142857143
2025-07-08,rk_puram,96.75714285714284,59.84319689122918,62.88630316494193,236.33333333333331,39.81428571428571
2025-07-09,rk_puram,160.0,53.89951339843576,55.28353130392476,96.75714285714284,30.300000000000004
2025-07-10,rk_puram,218.25,69.82183744143875,68.99329456304534,160.0,45.8
2025-07-13,rk_puram,46.285714285714285,41.78292630310373,46.090136777571765,68.14285714285714,25.62857142857143
2025-07-14,rk_puram,31.12857142857143,28.539356392475185,27.67611847621922,46.285714285714285,28.11428571428572
2025-07-15,rk_puram,50.371428571428574,35.90817132566738,35.95120510018564,31.12857142857143,44.55714285714286
2025-07-16,rk_puram,30.857142857142858,39.816162976828274,40.14337774197004,50.371428571428574,37.21428571428572
2025-07-17,rk_puram,40.885714285714286,43.4104341944428,39.92253615278793,30.857142857142858,39.24285714285714
2025-07-18,rk_puram,28.885714285714283,32.68275049652497,29.812893307093937,40.885714285714286,26.085714285714285
2025-07-19,rk_puram,32.01428571428571,31.364006091006033,31.804688898542445,28.885714285714283,62.471428571428575
2025-07-20,rk_puram,55.25714285714286,39.035152300741146,41.38347868951643,32.01428571428571,42.08571428571429
2025-07-21,rk_puram,51.371428571428574,39.552862895988795,41.11849218841199,55.25714285714286,44.01428571428572
2025-07-22,rk_puram,37.42857142857143,38.1838103376035,38.43061497878784,51.371428571428574,48.25714285714286
2025-07-23,rk_puram,44.1,37.25682048856672,36.53025754980057,37.42857142857143,62.957142857142856
2025-07-24,rk_puram,56.65714285714286,36.94033387452215,36.96167432097649,44.1,67.07142857142857
2025-07-25,rk_puram,40.41428571428571,52.24230787160326,53.05089394315335,56.65714285714286,39.67142857142857
2025-07-26,rk_puram,25.414285714285715,44.03278907896896,42.95851892997133,40.41428571428571,50.0
2025-07-27,rk_puram,57.54285714285714,43.19438009055659,45.809275394330804,25.414285714285715,52.471428571428575
2025-07-28,rk_puram,33.714285714285715,47.17281490294897,46.852406494706216,57.54285714285714,47.0
2025-07-29,rk_puram,45.84285714285714,40.2180089737889,40.842736606278535,33.714285714285715,36.54285714285714
2025-07-30,rk_puram,54.6,30.379830480258075,30.505459128320393,45.84285714285714,21.37142857142857
2025-07-31,rk_puram,47.15714285714286,41.12099147090079,44.4334947812145,54.6,32.628571428571426
2025-08-02,rk_puram,41.51428571428572,33.806251473248764,32.247908626793546,51.7,64.08571428571429
2025-08-03,rk_puram,35.0,36.426702972655235,37.533613201149684,41.51428571428572,78.34285714285714
2025-08-04,rk_puram,33.34285714285714,30.382848341339347,30.219295745753914,35.0,70.48571428571428
2025-08-05,rk_puram,34.128571428571426,37.62863965213159,34.26205257763512,33.34285714285714,61.58571428571429
2025-08-06,rk_puram,28.214285714285715,34.19664163063688,34.30369243659611,34.128571428571426,187.67142857142855
2025-08-07,rk_puram,28.8,32.24802920295843,33.035436604499054,28.214285714285715,239.08571428571423
2025-08-11,rk_puram,33.32857142857143,31.449321143743383,33.04303079825558,33.42857142857143,54.971428571428575
2025-08-12,rk_puram,33.8,39.096851061154965,41.2629690400131,33.32857142857143,83.25714285714285
2025-08-13,rk_puram,11.185714285714283,38.75439173072023,37.88775748925759,33.8,33.114285714285714
2025-08-14,rk_puram,63.42857142857143,34.53303625114333,37.19839636445481,11.185714285714283,46.92857142857143
2025-08-15,rk_puram,54.72857142857144,50.9117766496657,50.530126334118755,63.42857142857143,65.71428571428571
2025-08-16,rk_puram,37.48571428571428,45.06452290820309,47.17973719474058,54.72857142857144,37.65714285714286
2025-08-17,rk_puram,55.457142857142856,39.59889217736552,40.48130923322698,37.48571428571428,36.385714285714286
2025-08-18,rk_puram,27.342857142857145,45.20580636880486,46.01614488724561,55.457142857142856,62.371428571428574
2025-08-19,rk_puram,20.428571428571427,34.24954597092255,34.76753442274394,27.342857142857145,31.685714285714287
2025-08-20,rk_puram,30.62857142857143,27.402182715700867,26.211304855540146,20.428571428571427,25.357142857142858
2025-08-21,rk_puram,74.51428571428572,39.41103749969358,37.87121674738603,30.62857142857143,47.271428571428565
2025-08-22,rk_puram,39.1,49.63094047791913,45.720856565956986,74.51428571428572,33.17142857142857
2025-08-23,rk_puram,26.11428571428571,37.61633391360409,36.64733387187583,39.1,24.314285714285717
2025-08-24,rk_puram,34.628571428571426,29.689126681458426,29.233022074087433,26.11428571428571,25.557142857142857
2025-08-25,rk_puram,25.385714285714283,25.436515549649787,28.031223789170603,34.628571428571426,12.8
2025-08-26,rk_puram,37.23333333333333,30.55733031471614,31.374637230706064,25.385714285714283,17.157142857142855
2025-08-27,rk_puram,97.01428571428572,40.72268545119857,41.29543820858339,37.23333333333333,44.971428571428575
2025-08-28,rk_puram,76.10000000000001,50.22134008457222,48.08485780387205,97.01428571428572,34.34285714285714
2025-08-29,rk_puram,46.57142857142857,45.480287645199574,43.56815968155249,76.10000000000001,26.985714285714288
2025-08-30,rk_puram,21.392857142857142,36.97833373457929,31.739234679160127,46.57142857142857,30.714285714285715
2025-08-31,rk_puram,19.67142857142857,35.02413952478377,34.19635001870081,21.392857142857142,14.957142857142856
2025-09-01,rk_puram,26.24285714285714,27.996696194782448,30.07804879446846,19.67142857142857,10.171428571428573
2025-09-02,rk_puram,27.728571428571428,30.203059622470516,30.722637329992754,26.24285714285714,7.771428571428571
2025-09-03,rk_puram,41.58571428571429,32.136006480019844,34.141435137318176,27.728571428571428,26.842857142857145
2025-09-04,rk_puram,30.957142857142856,30.643588952453886,30.301352693308306,41.58571428571429,25.414285714285715
2025-09-05,rk_puram,51.8,31.898916434033907,31.46950546755871,30.957142857142856,30.285714285714285
2025-09-06,rk_puram,41.44285714285714,32.31141777878795,31.471983392162294,51.8,29.285714285714285
2025-09-07,rk_puram,30.7,33.682854862813635,32.38152066681559,41.44285714285714,22.8
2025-09-09,rk_puram,30.714285714285715,24.13023772665177,25.157562240265673,20.685714285714287,46.31428571428571
2025-09-10,rk_puram,30.571428571428573,30.22640699940337,33.23691153821471,30.714285714285715,63.84285714285714
2025-09-11,rk_puram,30.285714285714285,34.32108262692729,37.70649420492826,30.571428571428573,51.785714285714285
2025-09-12,rk_puram,26.857142857142858,32.202311380119596,33.50761785902717,30.285714285714285,28.82857142857143
2025-09-13,rk_puram,47.285714285714285,33.51109453822777,37.51145893620982,26.857142857142858,35.18571428571429
2025-09-14,rk_puram,34.0,31.53315502619959,31.347530339837267,47.285714285714285,24.685714285714287
2025-09-15,rk_puram,36.25714285714286,31.97500885323086,35.17586050025984,34.0,27.571428571428573
2025-09-16,rk_puram,54.25714285714286,40.41304721321227,43.320532203061276,36.25714285714286,40.771428571428565
2025-09-18,rk_puram,54.92857142857143,44.76486942192877,41.27796412791199,58.36428571428571,53.91428571428571
2025-09-19,rk_puram,45.7,49.93764143693033,48.40549372188788,54.92857142857143,40.62857142857143
2025-09-20,rk_puram,42.17142857142857,43.67174204053153,46.219260163687316,45.7,39.9
2025-09-21,rk_puram,39.46666666666667,45.48998807684064,46.79393056395196,42.17142857142857,41.471428571428575
2025-09-22,rk_puram,31.87142857142857,45.6751878891756,52.05709364192045,39.46666666666667,49.21428571428572
2025-09-23,rk_puram,29.057142857142857,39.44035169429997,40.46158903775358,31.87142857142857,53.12857142857143
2025-09-24,rk_puram,26.785714285714285,44.852502536370025,44.38256905976916,29.057142857142857,48.81428571428571
2025-09-25,rk_puram,51.3,43.39456760918832,44.14262928431736,26.785714285714285,44.2
2025-09-27,rk_puram,30.557142857142857,47.054637999647774,41.89790456673279,68.18571428571428,31.442857142857147
2025-09-28,rk_puram,41.771428571428565,40.57721665761208,38.286832404112886,30.557142857142857,32.871428571428574
2025-09-29,rk_puram,53.82428571428572,55.48667919184069,49.4840649986413,41.771428571428565,33.44285714285714
2025-10-03,rk_puram,78.18571428571428,56.78244279345099,60.73252621581612,33.1,60.07142857142857
2025-10-04,rk_puram,57.71428571428572,60.61946264371574,61.687203403107205,78.18571428571428,78.05714285714285
2025-10-05,rk_puram,40.68571428571429,61.85193363507742,61.041366504991416,57.71428571428572,37.05714285714286
2025-10-06,rk_puram,21.714285714285715,31.052499440653868,31.875806137413726,40.68571428571429,10.514285714285714
2025-10-07,rk_puram,50.54285714285714,41.04966223593507,41.33466738014029,21.714285714285715,41.0
2025-10-08,rk_puram,42.142857142857146,44.903859827887715,42.63571690500161,50.54285714285714,45.34285714285714
2025-10-09,rk_puram,72.54285714285714,47.28805829693597,45.20393850737848,42.142857142857146,50.58571428571429
2025-10-10,rk_puram,64.58571428571429,83.85766486771323,75.2026113388583,72.54285714285714,54.285714285714285
2025-10-11,rk_puram,90.12857142857142,67.61966854102056,60.53503165755012,64.58571428571429,65.25714285714285
2025-10-12,rk_puram,97.58571428571427,75.63687265242027,66.19344844405084,90.12857142857142,56.1
2025-10-13,rk_puram,102.47142857142856,91.48383495514884,85.7362911599927,97.58571428571427,59.85714285714285
2025-10-14,rk_puram,103.04285714285712,103.88628119541724,106.07311549233397,102.47142857142856,77.22857142857143
2025-10-15,rk_puram,120.14285714285714,102.78433004197991,106.53908659955665,103.04285714285712,67.15714285714286
2025-10-16,rk_puram,121.82857142857142,107.7806078846299,107.95564435293048,120.14285714285714,67.77142857142857
2025-10-17,rk_puram,147.28571428571428,123.94603492491166,119.97261815453791,121.82857142857142,82.82857142857142
2025-10-18,rk_puram,141.28571428571428,144.25638756516454,144.1603696220072,147.28571428571428,99.28571428571428
2025-10-20,rk_puram,274.0,153.06245414859413,147.36570103550287,224.92857142857144,73.05714285714285
2025-10-21,rk_puram,264.1428571428572,187.37913042238947,182.26624505401907,274.0,118.6
2025-10-22,rk_puram,143.14285714285714,198.8226507852591,197.5699903464744,264.1428571428572,68.02857142857142
2025-10-23,rk_puram,117.02857142857144,181.4276509443339,186.57051975130278,143.14285714285714,79.87142857142858
2025-10-24,rk_puram,166.42857142857142,183.69933685687306,194.24805530582017,117.02857142857144,107.51428571428572
2025-10-27,rk_puram,171.0,181.46183076281972,178.76950561766972,181.28571428571428,70.5
2025-10-28,rk_puram,154.57142857142858,173.3482571404169,179.06733798405426,171.0,87.54285714285713
2025-10-29,rk_puram,267.1428571428572,178.28504304497935,182.12600360835987,154.57142857142858,76.65714285714286
2025-10-30,rk_puram,106.28571428571428,164.86104643315537,144.6583115332988,267.1428571428572,51.94285714285714
2025-10-31,rk_puram,279.57142857142856,136.9642680127888,128.03126113693727,106.28571428571428,87.21428571428571
2025-11-01,rk_puram,267.85714285714283,129.46599978180174,128.80984520499018,279.57142857142856,90.94285714285716
2025-11-02,rk_puram,138.66666666666666,146.2293994175558,159.6599302123391,267.85714285714283,72.12857142857142
2025-11-05,rk_puram,300.7857142857143,93.26106411473408,96.29255638371345,107.12857142857142,61.3
2025-11-06,rk_puram,211.14285714285717,128.04389966456537,132.28282416407095,300.7857142857143,58.31428571428571
2025-11-07,rk_puram,290.0,138.0150828936472,148.52916379135334,211.14285714285717,53.6
2025-11-08,rk_puram,238.0,158.84768344322146,166.1432744302603,290.0,67.18571428571428
2025-11-09,rk_puram,288.8,162.9220843630772,172.7980813599895,238.0,79.91428571428571
2025-11-11,rk_puram,378.57142857142856,178.64313755629698,191.01419772409014,335.42857142857144,105.67142857142858
2025-11-12,rk_puram,342.3333333333333,213.5183030483213,244.65077127616772,378.57142857142856,124.6
2025-11-13,rk_puram,217.28571428571428,188.55260587658177,209.94507836764407,342.3333333333333,88.05714285714285
2025-11-14,rk_puram,248.57142857142856,187.6227073466767,201.4660732498119,217.28571428571428,91.17142857142858
2025-11-15,rk_puram,235.14285714285717,186.985878435458,186.1452735038334,248.57142857142856,75.74285714285715
2025-11-16,rk_puram,175.85714285714286,181.3501675606978,187.62990152515778,235.14285714285717,79.72857142857143
2025-11-19,rk_puram,287.42857142857144,298.7319211371676,272.69696553385825,284.0,147.31428571428572
2025-11-20,rk_puram,197.0,307.10397785718897,294.39645474586257,287.42857142857144,118.14285714285714
2025-11-21,rk_puram,243.42857142857144,264.52735041774304,277.0074627220358,197.0,156.57142857142858
2025-11-22,rk_puram,299.42857142857144,261.41506339913394,251.3907687496344,243.42857142857144,195.1
2025-11-23,rk_puram,251.57142857142856,287.853712727183,267.70209006149724,299.42857142857144,144.65714285714287
2025-11-24,rk_puram,207.28571428571428,219.86195290460125,230.39720331661943,251.57142857142856,99.7
2025-11-25,rk_puram,148.28571428571428,219.32997875849603,219.20458999453564,207.28571428571428,100.75714285714284
2025-11-26,rk_puram,325.1428571428572,245.83164191479565,257.76697144057476,148.28571428571428,108.52857142857144
2025-11-27,rk_puram,290.7142857142857,244.50889551991452,246.04057235506895,325.1428571428572,98.15714285714286
2025-11-28,rk_puram,156.94285714285712,170.08813552198376,164.3031545621535,290.7142857142857,64.54285714285714
2025-11-29,rk_puram,151.85714285714286,139.44098282233492,134.65815184144756,156.94285714285712,62.885714285714286
2025-11-30,rk_puram,183.61666666666667,179.84001763379334,189.91165983049336,151.85714285714286,101.0
2025-12-01,rk_puram,296.85714285714283,240.845715749473,239.07585289951396,183.61666666666667,104.65714285714286
2025-12-02,rk_puram,212.14285714285717,227.73952618638455,256.92554448906935,296.85714285714283,96.78571428571428
2025-12-06,rk_puram,151.0,128.72344445433595,149.3766866857158,181.7142857142857,85.75714285714285
2025-12-07,rk_puram,189.7142857142857,137.89170598116846,152.68066233775855,151.0,70.24285714285715
2025-12-08,rk_puram,133.28571428571428,124.48756718539741,139.911275188249,189.7142857142857,59.94285714285714
2025-12-09,rk_puram,100.61428571428571,133.395449799317,153.18005332644572,133.28571428571428,59.07142857142857
2025-12-10,rk_puram,139.0,156.0255296410198,169.46182547625008,100.61428571428571,96.0
2025-12-11,rk_puram,216.28571428571428,201.24202522233816,202.7842277168312,139.0,114.75714285714284
2025-12-12,rk_puram,432.8571428571428,281.3690132774574,265.41967444159576,216.28571428571428,199.1
2025-12-13,rk_puram,431.57142857142856,271.7844065372728,257.1866120816678,432.8571428571428,218.6
2025-12-14,rk_puram,273.2857142857143,230.53557147671432,227.54336091718125,431.57142857142856,170.34285714285716
2025-12-15,rk_puram,189.42857142857144,178.73598331755304,197.52792369358917,273.2857142857143,92.55714285714284
2025-12-16,rk_puram,183.28571428571428,155.22387905539344,160.98638115637078,189.42857142857144,97.11428571428571
2025-12-17,rk_puram,284.7142857142857,196.03000181671922,203.30481874893135,183.28571428571428,129.85714285714286
2025-12-18,rk_puram,194.57142857142856,217.31589293821074,227.61615338900629,284.7142857142857,104.44285714285716
2025-12-19,rk_puram,246.0,242.5368483709129,235.17529472550595,194.57142857142856,146.70000000000002
2025-12-20,rk_puram,197.8571428571429,198.7262691031495,208.3909370737622,246.0,187.3428571428572
2025-12-21,rk_puram,220.8571428571429,208.8918416328018,222.07927075505523,197.8571428571429,203.15714285714284
2025-12-22,rk_puram,252.57142857142856,199.67671892540412,208.28968110824482,220.8571428571429,146.97142857142856
2025-12-23,rk_puram,89.66666666666667,127.28507830298403,136.29826562191244,252.57142857142856,45.41428571428571
2025-12-24,rk_puram,88.95714285714287,136.15405464585533,141.66403511162062,89.66666666666667,59.32857142857143
2025-12-25,rk_puram,144.14285714285714,161.66822062187143,162.12737039808022,88.95714285714287,101.35714285714286
2025-12-26,rk_puram,268.0,213.0377155274853,214.66845006631246,144.14285714285714,107.14285714285714
2025-12-27,rk_puram,232.7142857142857,236.7297582325341,231.48819057901832,268.0,158.75714285714284
2025-12-30,rk_puram,180.42857142857144,290.3460086968284,273.57477791744793,284.2857142857143,152.75714285714284
2025-12-31,rk_puram,205.57142857142856,160.26198955581518,164.73604186811832,180.42857142857144,132.0142857142857
2026-01-01,rk_puram,81.2,141.99910150461895,152.1846442261253,205.57142857142856,85.64285714285714
2026-01-02,rk_puram,155.14285714285714,132.94211296661504,126.7956133721868,81.2,92.95714285714288
2026-01-03,rk_puram,144.57142857142858,172.91303821439183,172.12603481462034,155.14285714285714,101.87142857142858
2026-01-04,rk_puram,118.14285714285714,158.96848871866462,156.36006899036403,144.57142857142858,97.41428571428573
2026-01-05,rk_puram,175.57142857142858,147.99088992392763,151.5507731522397,118.14285714285714,103.98571428571428
2026-01-06,rk_puram,129.14285714285714,177.88171867115972,190.48478984828617,175.57142857142858,108.07142857142856
2026-01-07,rk_puram,143.14285714285714,156.09007279833884,165.70679408122027,129.14285714285714,105.61428571428571
2026-01-08,rk_puram,205.42857142857144,197.21341014168007,186.51060764695143,143.14285714285714,119.57142857142856
2026-01-09,rk_puram,189.0,178.34909993373526,188.75693416405957,205.42857142857144,120.9
2026-01-21,rk_puram,215.28571428571428,189.56144818354662,182.77271750512514,207.7142857142857,127.52857142857144
2026-01-22,rk_puram,145.71428571428572,73.47490818232869,71.09164531273757,215.28571428571428,79.81428571428572
2026-01-23,rk_puram,61.82857142857143,78.85932417730344,79.3735282518499,145.71428571428572,46.2
2026-01-24,rk_puram,78.18571428571428,78.37782205691309,78.30213918890165,61.82857142857143,56.72857142857144
2026-01-25,rk_puram,97.05714285714284,102.2773347420534,106.87679478103318,78.18571428571428,102.28571428571428
2026-01-26,rk_puram,180.7142857142857,92.41000760914744,88.93966765603741,97.05714285714284,101.78571428571428
2026-01-27,rk_puram,152.28571428571428,108.01946725082419,104.9725870487924,180.7142857142857,52.94285714285714
2026-01-28,rk_puram,110.42857142857144,121.79497429876979,124.15682435027385,152.28571428571428,92.95714285714288
2026-01-29,rk_puram,139.56,117.89380561901073,120.47887493878397,110.42857142857144,77.28571428571429
2026-01-30,rk_puram,232.28571428571428,156.55042185894052,162.46785133026273,139.56,140.77142857142857
2026-01-31,rk_puram,96.98571428571428,128.55720261415277,136.65926301624006,232.28571428571428,83.31428571428572
2026-02-01,rk_puram,113.42857142857144,132.34117452134828,125.36189031550788,96.98571428571428,157.79999999999998
2026-02-02,rk_puram,125.71428571428572,123.8990327686739,134.01273735510335,113.42857142857144,136.68571428571428
2026-02-04,rk_puram,117.24285714285716,126.52159875948226,127.72979952377725,247.14285714285717,73.62857142857142
2026-02-05,rk_puram,98.0,106.82403332309738,97.84083984795075,117.24285714285716,61.885714285714286
2026-02-06,rk_puram,92.12857142857142,93.04202618836541,87.8774536505873,98.0,60.68571428571429
2026-02-09,rk_puram,126.3,156.9463970500802,163.81053665499425,162.16666666666666,96.75714285714284
2026-02-10,rk_puram,184.57142857142856,152.0951524151905,155.02986277471294,126.3,104.11428571428571
2026-02-11,rk_puram,81.17142857142858,117.33555452888127,117.46469133310063,184.57142857142856,51.1
2026-02-12,rk_puram,84.71428571428571,88.51944948608092,92.55956167201764,81.17142857142858,50.07142857142857
2026-02-13,rk_puram,116.15714285714286,111.76177825694906,107.95992743781336,84.71428571428571,72.27142857142857
2026-02-14,rk_puram,89.65714285714286,108.46807207711502,108.44662599594771,116.15714285714286,59.67142857142857
2026-02-20,rk_puram,123.0,110.0730659734643,108.63221801766908,124.43333333333334,67.22857142857143
2026-02-21,rk_puram,117.7,124.71272499829624,120.51314646913653,123.0,75.37142857142858
2026-02-22,rk_puram,122.8,149.0623262834364,149.36193628471324,117.7,93.85714285714286
2026-02-23,rk_puram,143.0142857142857,152.71385680881863,156.1889824182483,122.8,96.2
2026-02-24,rk_puram,109.11428571428571,135.32400244737403,136.3891058478141,143.0142857142857,84.95714285714287
2026-02-25,rk_puram,99.01428571428572,110.1644429680771,107.14065575898407,109.11428571428571,86.34285714285714
2026-02-26,rk_puram,97.01428571428572,113.15253963647707,103.8129683071453,99.01428571428572,74.08571428571429
2026-02-27,rk_puram,98.9,129.44398953314274,123.60473976728707,97.01428571428572,75.97142857142856
2026-02-28,rk_puram,82.60000000000001,87.26522852540536,81.28302870018494,98.9,109.08571428571427
2026-03-01,rk_puram,93.64285714285714,85.20594922807686,84.92635337069001,82.60000000000001,138.9
2026-03-02,rk_puram,94.11428571428571,91.63866759513714,81.95093038112549,93.64285714285714,182.15714285714284
2026-03-03,rk_puram,82.91428571428571,85.94491217491212,81.14587618062492,94.11428571428571,157.78571428571428
2026-03-04,rk_puram,70.78333333333333,75.66904506681324,62.67381456237071,82.91428571428571,211.14285714285717
2026-03-05,rk_puram,79.41428571428571,104.98591644100951,99.91403867970128,70.78333333333333,92.37142857142858
2026-03-06,rk_puram,171.82857142857142,101.96641126977764,97.83346202407276,79.41428571428571,112.31428571428572
2026-03-08,rk_puram,129.21428571428572,111.05287763913746,108.85205764035159,128.28571428571428,103.68571428571428
2026-03-11,rk_puram,84.42857142857143,97.15455042018309,94.94865896186624,148.57142857142858,153.71428571428572
2026-03-12,rk_puram,136.7,84.47681971236642,81.58278288440748,84.42857142857143,149.45714285714286
2026-03-13,rk_puram,86.61428571428571,91.72726653958675,104.50015949633679,136.7,99.47142857142856
2026-03-14,rk_puram,32.528571428571425,90.95905022475046,80.09958335563219,86.61428571428571,100.94285714285716
2026-03-15,rk_puram,33.128571428571426,54.34392782703599,56.44197118788752,32.528571428571425,218.87142857142857
2026-03-16,rk_puram,113.14285714285714,63.96114808231596,66.3491428925795,33.128571428571426,87.57142857142857
2026-03-17,rk_puram,114.68571428571428,98.09560903326698,104.12529999861792,113.14285714285714,118.41428571428573
2026-03-18,rk_puram,75.57142857142857,86.96994471155375,86.59814162717257,114.68571428571428,50.21428571428572
2026-03-19,rk_puram,57.62857142857143,63.51204848504583,64.22676366573053,75.57142857142857,40.04285714285714
2026-03-20,rk_puram,84.32857142857142,76.50174259805763,84.37179769166036,57.62857142857143,98.65714285714286
2026-03-21,rk_puram,91.37142857142858,78.21334497450877,82.61793239304544,84.32857142857142,85.54285714285713
2026-03-22,rk_puram,37.114285714285714,80.9662971230826,90.94511524695243,91.37142857142858,51.24285714285714
2026-03-23,rk_puram,87.08571428571429,76.37083072034413,85.04602489950932,37.114285714285714,85.12857142857142
2026-03-24,rk_puram,105.0,96.97605685882444,94.8921036286229,87.08571428571429,91.17142857142858
2026-03-25,rk_puram,109.67142857142858,113.16419425216675,110.50502621338477,105.0,61.94285714285714
2026-03-26,rk_puram,53.642857142857146,80.14780591428277,79.98038516141486,109.67142857142858,95.52857142857144
2026-03-29,rk_puram,53.63333333333333,63.45213434894765,70.67116119972198,101.65714285714286,171.1142857142857
2026-03-30,rk_puram,70.81428571428572,76.74094640440752,79.30864970741031,53.63333333333333,48.72857142857144
2026-03-31,rk_puram,50.9,71.96953168662314,78.2930175746737,70.81428571428572,101.67142857142858
2026-04-01,rk_puram,86.25714285714285,74.06680136249136,82.91203385429499,50.9,66.61428571428571
2026-04-02,rk_puram,113.9,65.13823284112263,57.8911007895231,86.25714285714285,211.3857142857143
2026-04-03,rk_puram,95.31428571428572,80.03794572499338,78.77859079697087,113.9,100.32857142857142
2026-04-04,rk_puram,56.91428571428571,81.09087592447818,79.43172078744713,95.31428571428572,70.32857142857144
2026-04-05,rk_puram,58.4,79.18381610515289,79.11523215516011,56.91428571428571,84.81428571428572
2026-04-06,rk_puram,44.6,43.64760699150161,52.64101835561443,58.4,188.4
2026-04-07,rk_puram,31.228571428571428,50.86183401456349,52.51353150580931,44.6,36.12857142857143
2026-04-08,rk_puram,41.66,53.62806904535923,50.02352048269963,31.228571428571428,60.7
2026-04-10,rk_puram,46.1,44.37670703129031,42.277216546637185,76.51428571428572,155.41428571428574
2026-04-11,rk_puram,98.54285714285712,43.879244337854274,43.87974344193772,46.1,153.07142857142858
2026-04-12,rk_puram,87.42857142857143,58.77140728266946,58.018666923511404,98.54285714285712,96.02857142857144
2026-04-13,rk_puram,73.58571428571429,64.98838176577999,68.47989861968216,87.42857142857143,68.18571428571428
2026-04-14,rk_puram,125.05714285714284,65.53917415002121,68.91445819367199,73.58571428571429,77.60000000000001
2026-04-15,rk_puram,120.0,100.51126281920811,100.89095019388921,125.05714285714284,66.78571428571429
2026-04-17,rk_puram,109.4,89.1687400199545,96.68261867622077,130.42857142857142,101.47142857142858
2026-04-18,rk_puram,173.82857142857142,86.30189312453116,88.77172973832585,109.4,89.08571428571429
2026-04-19,rk_puram,108.83333333333331,92.42275426115134,90.90704357980846,173.82857142857142,155.29999999999998
2026-04-20,rk_puram,83.68571428571428,86.19358977452647,97.10454716673767,108.83333333333331,128.72857142857143
2026-04-21,rk_puram,92.25714285714284,82.58026800123986,89.94452078747409,83.68571428571428,144.17142857142858
2026-04-22,rk_puram,30.342857142857145,86.17384662932703,90.68305869822719,92.25714285714284,132.55714285714285
2026-04-23,rk_puram,75.94285714285715,73.16502484516147,76.95742763404212,30.342857142857145,111.35714285714286
2026-04-24,rk_puram,108.94285714285716,100.60352918040064,91.30409738315112,75.94285714285715,145.75714285714284
2026-04-25,rk_puram,94.62857142857142,96.20052278406821,86.8558610031376,108.94285714285716,168.62857142857143
2026-04-26,rk_puram,124.0,111.85279421625431,101.51689779957046,94.62857142857142,91.95714285714288
2026-04-27,rk_puram,90.11428571428571,94.08338415136495,78.17979363744946,124.0,155.12857142857143
2026-04-28,rk_puram,29.314285714285717,96.75971433919749,88.59059979004792,90.11428571428571,112.07142857142856
2026-04-29,rk_puram,49.7,81.19162437394199,70.37212517755111,29.314285714285717,131.92857142857142
2026-04-30,rk_puram,40.2,53.49700940496977,48.28439847939146,49.7,193.0
2026-05-01,rk_puram,66.47142857142858,69.21749202307016,69.93953246996892,40.2,131.5857142857143
2026-05-02,rk_puram,47.58571428571429,59.357608786892115,57.392550895741415,66.47142857142858,229.54285714285717
2026-05-04,rk_puram,39.8,34.05046481432221,35.0028267763763,11.731818181818182,62.85714285714285
2026-05-07,rk_puram,36.614285714285714,48.13032584357981,45.09731330718175,33.114285714285714,211.0142857142857
2026-05-08,rk_puram,42.74285714285714,50.043501499975086,46.34738719890957,36.614285714285714,121.58571428571427
2026-05-09,rk_puram,52.32857142857143,55.676139905866904,53.213964687198754,42.74285714285714,113.98571428571428
2026-05-10,rk_puram,56.91428571428571,57.903227492704154,53.33231595944087,52.32857142857143,112.3
2026-05-11,rk_puram,71.08571428571429,53.011602300410146,50.79079723043361,56.91428571428571,190.47142857142856
2026-05-12,rk_puram,79.84285714285714,63.232278200329915,60.620983699794785,71.08571428571429,155.0142857142857
2026-05-13,rk_puram,40.54285714285714,76.19369781299706,75.07260625879347,79.84285714285714,189.78571428571428
2026-05-14,rk_puram,40.41428571428571,57.24953675749454,52.748187957749124,40.54285714285714,137.72857142857143
2026-05-15,rk_puram,93.34285714285714,64.8654093491094,58.38258506263604,40.41428571428571,138.14285714285714
2026-05-16,rk_puram,94.24285714285716,67.64292188680277,58.945826660328464,93.34285714285714,183.27142857142857
2026-05-17,rk_puram,59.48571428571428,65.49606263075968,63.0833362683132,94.24285714285716,190.32857142857145
2026-05-20,rk_puram,70.28,48.314362392909814,39.24062386566434,36.68333333333333,398.3285714285715
2026-05-22,rk_puram,59.785714285714285,55.140642737936346,48.99672400060412,52.76666666666667,175.72857142857143
2026-05-23,rk_puram,62.07142857142857,63.79795304407214,55.53481352994625,59.785714285714285,211.61428571428573
2026-05-24,rk_puram,75.55714285714285,63.02768803738394,51.33836239710875,62.07142857142857,322.24285714285713
2026-05-25,rk_puram,67.97142857142858,78.51031468017389,69.66523791709605,75.55714285714285,207.54285714285717
2026-05-26,rk_puram,97.25,75.69800994238544,70.66214962250544,67.97142857142858,165.0
2026-05-28,rk_puram,31.48333333333333,66.06158410945746,56.606291090244426,80.48571428571428,223.1142857142857
2026-05-29,rk_puram,21.214285714285715,47.21730746429017,39.8480509714206,31.48333333333333,178.35714285714286
2026-05-30,rk_puram,27.8,48.51972422283605,45.16358050650029,21.214285714285715,109.55714285714284
2026-05-31,rk_puram,38.2,44.42043684032715,44.475604078081034,27.8,98.58571428571427
2026-06-01,rk_puram,41.75714285714286,49.92819337955426,52.8284430543234,38.2,71.25714285714285
2026-06-02,rk_puram,53.92857142857143,61.2072886336158,65.44582739263099,41.75714285714286,70.28571428571429
2026-06-03,rk_puram,59.51428571428572,63.88331599242298,66.68287488904554,53.92857142857143,180.4142857142857
2026-06-04,rk_puram,34.785714285714285,52.99971997282176,49.01581981903468,59.51428571428572,110.9
2026-06-05,rk_puram,57.65714285714286,57.82374200851056,50.649102510002805,34.785714285714285,93.3
2026-06-06,rk_puram,36.614285714285714,56.727490481659686,55.338146796794355,57.65714285714286,159.0
2026-06-07,rk_puram,36.81428571428571,40.35898751014792,39.933484430346624,36.614285714285714,213.58571428571423
2026-06-08,rk_puram,38.82857142857143,40.77211342696378,41.24007515314482,36.81428571428571,322.2285714285714
2026-06-10,rk_puram,37.3,44.47905997817063,36.43965136981431,34.95714285714286,361.5571428571429
2026-06-11,rk_puram,16.97142857142857,29.905915960296376,28.56344205245083,37.3,159.78571428571428
2026-06-12,rk_puram,38.34285714285714,42.800334319805756,44.438348508611384,16.97142857142857,176.08571428571426
2026-06-15,rk_puram,48.41428571428571,41.85449075525473,38.277379907580176,35.82857142857143,153.47142857142856
2026-06-16,rk_puram,30.75714285714286,47.97380837346537,43.30960667225842,48.41428571428571,115.88571428571429
2026-06-17,rk_puram,60.01428571428572,40.21224171991868,40.45869607325072,30.75714285714286,86.31428571428572
2026-06-18,rk_puram,37.271428571428565,50.14407416229251,49.7964915276076,60.01428571428572,160.3857142857143
2026-06-19,rk_puram,54.971428571428575,42.02080860151955,47.248639797337134,37.271428571428565,153.42857142857142
2026-06-20,rk_puram,21.82857142857143,44.87331507624899,43.48515582535745,54.971428571428575,260.92857142857144
2026-06-21,rk_puram,29.928571428571427,32.48307865617802,32.58031984246581,21.82857142857143,169.57142857142858
2026-06-26,rk_puram,45.57142857142857,45.05021927583983,42.81721189624372,34.57142857142857,92.97142857142858
2026-06-27,rk_puram,35.285714285714285,44.69366722142641,41.96427873578926,45.57142857142857,89.3
2026-06-28,rk_puram,35.857142857142854,41.10014730558315,37.72782006749581,35.285714285714285,151.65714285714284
2026-06-29,rk_puram,43.42857142857143,39.82998773803991,40.811811668853565,35.857142857142854,291.5571428571428
2026-06-30,rk_puram,30.428571428571427,36.41299568265282,34.97767817308032,43.42857142857143,57.72857142857144
2026-07-01,rk_puram,13.0,43.848699140377846,40.54105369523871,30.428571428571427,63.957142857142856
2026-07-02,rk_puram,67.71428571428571,28.45954187036747,27.26357742812194,13.0,28.814285714285717
2026-07-03,rk_puram,62.66666666666666,56.67168674193917,60.394931866002494,67.71428571428571,46.72857142857144
2026-07-04,rk_puram,64.85714285714286,44.94567936268379,42.537617541830606,62.66666666666666,32.614285714285714
2026-07-05,rk_puram,19.857142857142858,55.09762577014257,58.04078202055275,64.85714285714286,21.97142857142857
2026-07-06,rk_puram,34.42857142857143,36.08290567359821,32.28440951634305,19.857142857142858,38.25714285714286
2026-07-07,rk_puram,30.285714285714285,31.312047034247854,31.432570589832608,34.42857142857143,32.357142857142854
2026-07-10,rk_puram,33.57142857142857,30.729300732626502,34.16705191361851,24.714285714285715,157.4857142857143
2026-07-11,rk_puram,43.57142857142857,28.44079950149452,29.519312329285473,33.57142857142857,214.4142857142857
2026-07-12,rk_puram,32.285714285714285,36.10515637840082,39.69257108277306,43.57142857142857,134.5
2026-07-13,rk_puram,43.85714285714285,28.867347540344408,28.61675919957951,32.285714285714285,106.47142857142856
2026-07-14,rk_puram,37.142857142857146,34.603898020470325,33.21383864324519,43.85714285714285,105.71428571428572
2026-07-15,rk_puram,41.42857142857143,34.30060923140788,31.952527109321615,37.142857142857146,128.57142857142858
2026-07-16,rk_puram,39.285714285714285,37.18922491722545,37.40754950471944,41.42857142857143,146.0142857142857
2026-07-17,rk_puram,35.142857142857146,36.430210217907316,38.18186965695282,39.285714285714285,155.02857142857144
2026-07-18,rk_puram,46.57142857142857,37.909109689669314,37.36048891796773,35.142857142857146,85.32857142857142
2026-07-19,rk_puram,41.0,38.58973228129002,38.32735867405239,46.57142857142857,30.11428571428572
2026-07-20,rk_puram,19.6,32.700637641981714,31.230038654259307,41.0,15.114285714285714
2026-07-21,rk_puram,20.33333333333333,30.558484200089477,31.058915325487245,19.6,38.85714285714285
2026-07-22,rk_puram,16.285714285714285,25.56537793655213,27.594170683264643,20.33333333333333,37.15714285714286
2026-07-23,rk_puram,35.4,24.787466793630024,24.006182460219613,16.285714285714285,22.77142857142857
2026-07-24,rk_puram,20.571428571428573,25.91447031955324,26.153492243573133,35.4,24.77142857142857
2026-07-25,rk_puram,16.285714285714285,32.21439337007682,29.841271902749614,20.571428571428573,30.24285714285714
2026-07-26,rk_puram,23.0,37.409663823114535,36.854987632689244,16.285714285714285,38.957142857142856
2026-07-27,rk_puram,22.0,24.191896322842283,24.56505347574843,23.0,31.585714285714285
2026-07-28,rk_puram,24.0,28.767480778651056,27.102522381935913,22.0,29.5
2026-07-30,rk_puram,13.166666666666666,24.71049936962935,25.260645617980405,34.142857142857146,25.428571428571427
2026-07-31,rk_puram,34.833333333333336,21.119843186804676,22.642027013303917,13.166666666666666,27.557142857142857
2026-08-02,rk_puram,21.0,32.04242256580555,34.384539757100676,28.416666666666668,27.9
2026-08-05,rk_puram,25.666666666666668,25.254857830448394,25.322279640297825,25.8,52.05714285714286
2026-08-06,rk_puram,33.4,20.34157888428515,19.24140218263244,25.666666666666668,30.314285714285717
2026-08-12,rk_puram,26.428571428571427,42.88268927398944,43.986922753130926,57.85714285714285,37.01428571428572
2026-08-13,rk_puram,22.857142857142858,41.98943019314498,43.127754078290714,26.428571428571427,38.91428571428571
2026-08-14,rk_puram,76.0,47.14194387560709,45.32078547734249,22.857142857142858,51.74285714285714
2026-08-15,rk_puram,32.285714285714285,46.82634404776659,50.41820408990415,76.0,142.9857142857143
2026-08-16,rk_puram,28.714285714285715,43.309802271573616,42.0392182377028,32.285714285714285,106.45714285714288
2026-08-17,rk_puram,33.0,42.491111076505916,46.62068999464825,28.714285714285715,80.91428571428571
2026-08-18,rk_puram,36.71428571428572,54.14901104027239,51.65935331564021,33.0,59.51428571428572
2026-08-19,rk_puram,38.57142857142857,41.94022605470844,43.391726549179495,36.71428571428572,40.2
2026-08-20,rk_puram,46.42857142857143,45.60045502782897,45.413904430554446,38.57142857142857,89.60000000000001
2026-08-21,rk_puram,36.0,45.65516592709224,44.91465988230263,46.42857142857143,63.271428571428565
2026-08-22,rk_puram,29.5,38.94298792268837,39.72195464752759,36.0,33.2
2026-08-23,rk_puram,63.0,39.502320327503355,37.268704489281106,29.5,45.91428571428572
2026-08-24,rk_puram,41.66666666666666,64.53746232905914,69.66962622902724,63.0,60.34285714285714
2026-08-25,rk_puram,78.85714285714286,39.3845235369194,39.52679458861596,41.66666666666666,81.25714285714285
2026-08-26,rk_puram,52.785714285714285,55.45052234934699,54.71867909948044,78.85714285714286,52.81428571428571
2026-08-30,rk_puram,36.85714285714285,36.79504922987434,39.450860156485405,28.55,140.4857142857143
2026-08-31,rk_puram,35.042857142857144,47.4423474659137,50.34104570729459,36.85714285714285,110.95714285714288
2026-09-01,rk_puram,59.15714285714286,42.26817160736528,51.32600837339449,35.042857142857144,56.42857142857143
2026-09-02,rk_puram,35.471428571428575,33.12549745720832,33.95201717860229,59.15714285714286,14.714285714285714
2026-09-03,rk_puram,24.65714285714285,39.08846555464432,42.93365318080959,35.471428571428575,42.12857142857143
2026-09-06,rk_puram,49.92857142857143,43.9003710267782,48.22502504304232,49.12,57.18571428571429
2026-09-07,rk_puram,42.35714285714285,40.16094932090882,40.70365536313711,49.92857142857143,61.957142857142856
2026-09-08,rk_puram,42.66,44.55661000983434,43.65987817848237,42.35714285714285,115.4
2026-09-10,rk_puram,78.68571428571428,42.03427834311632,41.52538211389061,28.985714285714288,63.84285714285714
2026-09-11,rk_puram,23.985714285714288,36.71113766683583,40.120414127050644,78.68571428571428,19.185714285714287
2026-09-12,rk_puram,15.714285714285714,29.81528867848894,31.662605607467267,23.985714285714288,23.17142857142857
2026-09-13,rk_puram,29.0,29.62300995452238,31.216006698705627,15.714285714285714,22.785714285714285
2026-09-14,rk_puram,40.71428571428572,35.38261492570251,35.75830234347592,29.0,33.0
2026-09-15,rk_puram,23.214285714285715,51.235267918168546,55.44917258183733,40.71428571428572,35.51428571428571
2026-09-16,rk_puram,38.771428571428565,40.98348224637124,41.45173367002015,23.214285714285715,51.17142857142857
2026-09-17,rk_puram,26.457142857142856,31.478208164177275,32.529750587514364,38.771428571428565,25.15714285714285
2026-09-18,rk_puram,60.72857142857144,41.72491927330967,43.09039948342713,26.457142857142856,57.58571428571429
2026-09-19,rk_puram,101.68571428571428,53.81028775271608,58.47240821509967,60.72857142857144,64.42857142857143
2026-09-20,rk_puram,67.57142857142857,84.84455175750952,79.93990135956736,101.68571428571428,63.35714285714285
2026-09-21,rk_puram,78.68571428571428,80.48305328002684,83.74607708712804,67.57142857142857,74.8142857142857
2026-09-22,rk_puram,84.21428571428571,77.54037059910107,80.00557137027451,78.68571428571428,59.785714285714285
2026-09-23,rk_puram,34.91428571428571,63.838852317548266,64.76586976575554,84.21428571428571,40.62857142857143
2026-09-24,rk_puram,9.221428571428572,40.7054099544861,41.04759520364249,34.91428571428571,36.3
2026-09-25,rk_puram,20.728571428571428,41.340903855996444,40.83964383907181,9.221428571428572,45.01428571428572
2026-09-26,rk_puram,15.521428571428572,37.4414290345915,36.855632967335154,20.728571428571428,27.02857142857143
2026-09-27,rk_puram,22.25714285714286,32.59225146576002,32.450105498925886,15.521428571428572,35.1
2026-09-28,rk_puram,42.98571428571428,30.17290611966654,31.418298969962017,22.25714285714286,54.142857142857146
2026-09-29,rk_puram,62.8,37.225699999975774,36.01191026951133,42.98571428571428,69.5
2026-09-30,rk_puram,72.83333333333333,51.19850035134442,51.339483076414126,62.8,84.41428571428571
2026-10-03,rk_puram,59.51428571428572,61.93835338474986,74.01512452442937,63.84999999999999,87.48571428571428
2026-10-04,rk_puram,43.85714285714285,52.76003416685515,55.697708001087506,59.51428571428572,91.81428571428572
2026-10-05,rk_puram,66.04285714285714,55.6159812387984,55.023705237030654,43.85714285714285,100.8
2026-10-06,rk_puram,68.57142857142857,60.507058347141616,57.81919365037148,66.04285714285714,113.77142857142856
2026-03-03,punjabi_bagh,19.24285714285714,49.270393239839244,41.202416840920954,25.37142857142857,76.10000000000001
2026-03-04,punjabi_bagh,25.85,27.845469275745245,25.594982420840452,19.24285714285714,99.77142857142856
2026-03-05,punjabi_bagh,27.9,42.85533950842809,39.381808926311784,25.85,85.22857142857143
2026-03-06,punjabi_bagh,35.885714285714286,31.722834428873654,29.571759347255185,27.9,100.77142857142856
2026-03-08,punjabi_bagh,45.614285714285714,32.6976823187402,31.190935084577703,32.44285714285714,74.41428571428571
2026-03-11,punjabi_bagh,25.985714285714288,31.182862386023764,29.562916197646093,31.47142857142857,75.0
2026-03-12,punjabi_bagh,33.36,28.155917951597345,28.36220423838799,25.985714285714288,83.60000000000001
2026-03-13,punjabi_bagh,24.15714285714285,27.617647425300344,29.466787805648927,33.36,65.01428571428572
2026-03-14,punjabi_bagh,12.544285714285715,28.086973592506098,25.327089489573247,24.15714285714285,43.05714285714286
2026-03-15,punjabi_bagh,16.32857142857143,18.232870537257398,19.369436135223747,12.544285714285715,88.8
2026-03-16,punjabi_bagh,33.42857142857143,20.179556688313927,21.465170455763438,16.32857142857143,58.971428571428575
2026-03-17,punjabi_bagh,34.0,28.8542130120707,27.49179893135137,33.42857142857143,65.42857142857143
2026-03-18,punjabi_bagh,13.01,23.35933239516397,23.68534136748008,34.0,52.51428571428572
2026-03-19,punjabi_bagh,12.08,16.795443098033267,14.97862023975164,13.01,42.471428571428575
2026-03-20,punjabi_bagh,18.9,15.367221778828597,16.61205699850222,12.08,69.47142857142858
2026-03-21,punjabi_bagh,14.928571428571429,19.956096636860124,17.87232703421707,18.9,49.02857142857143
2026-03-22,punjabi_bagh,8.647142857142857,16.18268745813743,17.434775638985606,14.928571428571429,55.52857142857143
2026-03-23,punjabi_bagh,23.74285714285714,13.416502497121174,13.984847816304192,8.647142857142857,67.42857142857143
2026-03-24,punjabi_bagh,23.65,21.926487063837488,20.333911231385123,23.74285714285714,55.785714285714285
2026-03-25,punjabi_bagh,27.38571428571429,20.97667720073905,19.45715577685326,23.65,51.971428571428575
2026-03-26,punjabi_bagh,14.257142857142856,20.273738308608763,19.680480125447385,27.38571428571429,41.22857142857144
2026-03-27,punjabi_bagh,19.428571428571427,16.824934473068136,17.039209633734377,14.257142857142856,38.271428571428565
2026-03-28,punjabi_bagh,30.542857142857144,17.47226412486587,16.384294491939013,19.428571428571427,82.92857142857143
2026-03-29,punjabi_bagh,23.21666666666667,17.662390724908818,17.291606266999555,30.542857142857144,97.41428571428573
2026-03-30,punjabi_bagh,15.328571428571427,21.284030086793134,21.15787193044415,23.21666666666667,39.285714285714285
2026-03-31,punjabi_bagh,14.385714285714286,15.583668012991215,15.677685675256253,15.328571428571427,67.11428571428571
2026-04-01,punjabi_bagh,28.557142857142857,16.63449865923855,15.998566440022786,14.385714285714286,40.31428571428571
2026-04-02,punjabi_bagh,37.971428571428575,18.43309772388613,16.75463822797059,28.557142857142857,125.22857142857144
2026-04-03,punjabi_bagh,17.157142857142855,26.19660820827574,25.38309429390609,37.971428571428575,39.114285714285714
2026-04-04,punjabi_bagh,16.7,18.62166633199264,18.710589119328517,17.157142857142855,48.72857142857144
2026-04-05,punjabi_bagh,23.942857142857143,20.37587112805692,20.089372848771337,16.7,58.24285714285714
2026-04-06,punjabi_bagh,16.32857142857143,13.995810371156937,13.380251965709094,23.942857142857143,77.68571428571428
2026-04-07,punjabi_bagh,7.572857142857143,15.52311152903499,16.279540838140694,16.32857142857143,45.44285714285714
2026-04-08,punjabi_bagh,8.129999999999999,11.37364671806479,11.012299552210251,7.572857142857143,52.65714285714286
2026-04-09,punjabi_bagh,14.858571428571429,11.335182606590752,10.680828840688338,8.129999999999999,92.87142857142858
2026-04-10,punjabi_bagh,10.502857142857142,13.223638868547882,13.226857109603193,14.858571428571429,86.25714285714285
2026-04-11,punjabi_bagh,15.785714285714286,14.900989408051728,13.630465150783728,10.502857142857142,64.91428571428573
2026-04-12,punjabi_bagh,26.457142857142856,13.9530479980227,13.895052359047874,15.785714285714286,47.71428571428572
2026-04-13,punjabi_bagh,23.47142857142857,14.534427204460721,14.0376696704683,26.457142857142856,40.871428571428574
2026-04-14,punjabi_bagh,24.9,18.03065914949695,18.669930403324983,23.47142857142857,36.24285714285714
2026-04-15,punjabi_bagh,27.228571428571428,18.750055003415678,18.99908359307034,24.9,44.57142857142857
2026-04-17,punjabi_bagh,24.685714285714287,26.05916233318322,26.281531282564924,53.22857142857144,87.84285714285714
2026-04-18,punjabi_bagh,38.55714285714286,20.199658771052242,19.390213530234067,24.685714285714287,64.11428571428571
2026-04-19,punjabi_bagh,25.26,20.88409580621143,20.860419195690465,38.55714285714286,88.44285714285715
2026-04-20,punjabi_bagh,30.6,26.072242851792264,25.766887220153478,25.26,66.77142857142857
2026-04-21,punjabi_bagh,31.042857142857144,26.911107102711036,26.415184431259643,30.6,65.55714285714285
2026-04-22,punjabi_bagh,11.647142857142857,30.492419973506102,30.580936131188018,31.042857142857144,51.55714285714286
2026-04-23,punjabi_bagh,26.17142857142857,26.63022149093599,27.804075339662727,11.647142857142857,53.785714285714285
2026-04-24,punjabi_bagh,37.17142857142857,28.407567332481193,28.520381456502722,26.17142857142857,90.65714285714286
2026-04-25,punjabi_bagh,39.75714285714286,30.678581227022274,28.209317599009502,37.17142857142857,94.77142857142856
2026-04-26,punjabi_bagh,37.12857142857143,40.53918046414062,38.566665665138764,39.75714285714286,62.885714285714286
2026-04-27,punjabi_bagh,34.385714285714286,33.058990983269375,27.488135955096066,37.12857142857143,121.41428571428573
2026-04-28,punjabi_bagh,36.7,40.3340846247866,33.78865765719963,34.385714285714286,45.271428571428565
2026-04-29,punjabi_bagh,19.6,45.297283495013595,40.02688142731112,36.7,74.32857142857142
2026-04-30,punjabi_bagh,14.414285714285716,27.212196315458247,23.02158743698866,19.6,78.91428571428571
2026-05-01,punjabi_bagh,23.3,29.59637405047094,28.701597945314195,14.414285714285716,81.42857142857143
2026-05-02,punjabi_bagh,17.62857142857143,24.362343902093578,24.48022670207995,23.3,106.85714285714286
2026-05-03,punjabi_bagh,7.491428571428572,19.530890707873787,17.841465499721995,17.62857142857143,40.31428571428571
2026-05-04,punjabi_bagh,16.2,13.655389197273275,12.456833879724002,7.491428571428572,37.385714285714286
2026-05-08,punjabi_bagh,16.942857142857143,26.589287187472713,30.59620037383231,51.57142857142857,55.52857142857143
2026-05-09,punjabi_bagh,23.014285714285712,24.415394294594424,24.038689226789913,16.942857142857143,67.07142857142857
2026-05-10,punjabi_bagh,42.18571428571429,27.3015174627102,26.54109180637747,23.014285714285712,66.52857142857144
2026-05-11,punjabi_bagh,29.885714285714283,33.692097707174504,31.81277369189683,42.18571428571429,97.05714285714284
2026-05-12,punjabi_bagh,29.585714285714285,28.44701064577066,28.156010798277197,29.885714285714283,105.62857142857142
2026-05-13,punjabi_bagh,17.142857142857142,41.073382788447304,40.53334853859492,29.585714285714285,139.42857142857142
2026-05-14,punjabi_bagh,14.457142857142856,26.43678907829919,26.291794805704264,17.142857142857142,95.02857142857144
2026-05-15,punjabi_bagh,33.0,26.504193319213613,26.10549149615072,14.457142857142856,115.85714285714286
2026-05-16,punjabi_bagh,32.7,25.590796317325502,23.9801083525654,33.0,116.57142857142856
2026-05-17,punjabi_bagh,28.3,28.140895791591813,25.771058960112686,32.7,113.07142857142856
2026-05-18,punjabi_bagh,32.07142857142857,36.496721741866594,33.417759488143105,28.3,102.98571428571428
2026-05-19,punjabi_bagh,20.433333333333334,48.630863214978774,46.26049006618221,32.07142857142857,79.3
2026-05-20,punjabi_bagh,31.61428571428572,28.017427638889753,24.571993086633995,20.433333333333334,205.07142857142856
2026-05-21,punjabi_bagh,23.74,27.096416109794372,25.866814939837525,31.61428571428572,142.62857142857143
2026-05-22,punjabi_bagh,23.985714285714288,28.99660968221517,29.407382826514237,23.74,97.45714285714284
2026-05-23,punjabi_bagh,24.15714285714285,29.086601287747584,30.235513190666538,23.985714285714288,119.85714285714286
2026-05-24,punjabi_bagh,37.62857142857143,28.424542131983902,27.780780837359565,24.15714285714285,147.54285714285714
2026-05-25,punjabi_bagh,33.714285714285715,37.84252770334749,35.04895604617762,37.62857142857143,118.45714285714288
2026-05-26,punjabi_bagh,91.41666666666669,45.437931320932485,43.78035070386209,33.714285714285715,105.72857142857144
2026-05-28,punjabi_bagh,59.18333333333334,37.842724485644496,35.44333534397992,36.0,135.14285714285714
2026-05-29,punjabi_bagh,35.54285714285714,44.828546550589266,42.97662359903732,59.18333333333334,82.54285714285713
2026-05-30,punjabi_bagh,33.17142857142857,46.07428966734966,45.82437402160922,35.54285714285714,66.94285714285715
2026-05-31,punjabi_bagh,29.571428571428573,43.102201071663615,43.03118346794363,33.17142857142857,56.41428571428571
2026-06-01,punjabi_bagh,28.014285714285712,40.00959954813307,39.292408012358514,29.571428571428573,60.24285714285714
2026-06-02,punjabi_bagh,19.40142857142857,48.20811872907184,52.15968153840612,28.014285714285712,59.94285714285714
2026-06-03,punjabi_bagh,21.74285714285714,31.933101388529305,33.14886981206686,19.40142857142857,82.14285714285714
2026-06-04,punjabi_bagh,11.808571428571428,30.469078373565377,29.79040222529856,21.74285714285714,91.11428571428571
2026-06-05,punjabi_bagh,20.27285714285714,33.42481047725678,31.87668762042493,11.808571428571428,91.04285714285712
2026-06-06,punjabi_bagh,9.21,26.712020312974687,27.532627587359222,20.27285714285714,107.62857142857142
2026-06-07,punjabi_bagh,9.854285714285714,18.460052104338157,17.70081157336708,9.21,102.4
2026-06-08,punjabi_bagh,11.922857142857142,18.46002623027328,18.36551998156307,9.854285714285714,105.3
2026-06-10,punjabi_bagh,61.85,29.13338299992531,24.51021268607063,45.68642857142857,194.7142857142857
2026-06-11,punjabi_bagh,12.485714285714284,23.69586259164484,24.34594045158289,61.85,54.62857142857143
2026-06-12,punjabi_bagh,8.772857142857143,25.45139018270955,29.153983584854206,12.485714285714284,109.85714285714286
2026-06-13,punjabi_bagh,16.31142857142857,19.28202446279568,22.413450364832745,8.772857142857143,102.65714285714286
2026-06-14,punjabi_bagh,9.562857142857142,23.356598568967215,26.16721173397155,16.31142857142857,80.92857142857143
2026-06-15,punjabi_bagh,15.888571428571428,21.512818913946205,22.00777866273215,9.562857142857142,108.65714285714286
2026-06-16,punjabi_bagh,12.832857142857142,21.94568581101883,21.73756167402152,15.888571428571428,114.08571428571427
2026-06-17,punjabi_bagh,18.304285714285715,24.077025575326616,24.252175225918975,12.832857142857142,74.41428571428571
2026-06-18,punjabi_bagh,13.671428571428567,17.539439007891374,18.937506010183895,18.304285714285715,139.0857142857143
2026-06-19,punjabi_bagh,22.685714285714287,18.06319875788043,18.955541382735987,13.671428571428567,100.37142857142858
2026-06-20,punjabi_bagh,8.571428571428571,20.585412732825514,19.756360129968105,22.685714285714287,127.65714285714286
2026-06-21,punjabi_bagh,13.388571428571428,13.501116872325824,12.814426458933031,8.571428571428571,127.38571428571429
2026-06-26,punjabi_bagh,13.562857142857142,17.01205001853576,17.277121817359237,9.495714285714286,104.22857142857144
2026-06-27,punjabi_bagh,8.974285714285715,21.46817904050294,20.635089716353743,13.562857142857142,72.02857142857142
2026-06-28,punjabi_bagh,10.86,13.599181248201337,14.214014928700069,8.974285714285715,102.82857142857142
2026-06-29,punjabi_bagh,18.5,15.235954101904941,16.27170695933286,10.86,224.5142857142857
2026-06-30,punjabi_bagh,16.2,14.021979772156264,15.62738788766906,18.5,53.07142857142857
2026-07-01,punjabi_bagh,8.14,14.136374161211654,13.381732034962004,16.2,52.8
2026-07-02,punjabi_bagh,14.757142857142856,9.15908952773093,9.30905765283959,8.14,28.82857142857143
2026-07-03,punjabi_bagh,21.957142857142856,14.770016799872543,14.98587233913941,14.757142857142856,40.08571428571429
2026-07-04,punjabi_bagh,26.87142857142857,14.372046146030254,14.060670357788604,21.957142857142856,33.885714285714286
2026-07-05,punjabi_bagh,9.668571428571427,15.56097846596553,17.406943432981645,26.87142857142857,23.885714285714283
2026-07-06,punjabi_bagh,18.255714285714287,10.296715538810023,9.221704654528356,9.668571428571427,43.34285714285714
2026-07-07,punjabi_bagh,16.62857142857143,13.346926591953943,12.622697178250004,18.255714285714287,32.27142857142857
2026-07-08,punjabi_bagh,1.9428571428571428,11.638527594644156,12.69370196191481,16.62857142857143,27.67142857142857
2026-07-09,punjabi_bagh,8.132857142857143,8.33130102130512,8.97292923912507,1.9428571428571428,52.8
2026-07-10,punjabi_bagh,26.542857142857144,9.487671060522263,9.581916077495812,8.132857142857143,138.72857142857143
2026-07-11,punjabi_bagh,16.814285714285713,12.00704987290452,12.684642504197583,26.542857142857144,207.3571428571429
2026-07-12,punjabi_bagh,10.57,13.1184870869831,13.999316598288942,16.814285714285713,123.85714285714286
2026-07-13,punjabi_bagh,14.928571428571429,11.9254168941587,11.867798113809945,10.57,102.92857142857144
2026-07-14,punjabi_bagh,12.54142857142857,13.116304869594176,12.146052458307427,14.928571428571429,95.95714285714288
2026-07-16,punjabi_bagh,15.1,17.880902405323887,18.04143214227574,17.228571428571428,117.28571428571428
2026-07-17,punjabi_bagh,14.542857142857144,14.900630769437011,15.54365298796591,15.1,136.0142857142857
2026-07-18,punjabi_bagh,20.314285714285717,13.908176947895516,14.271806034630366,14.542857142857144,89.65714285714286
2026-07-19,punjabi_bagh,23.0,16.25653993011677,15.493977249548115,20.314285714285717,38.471428571428575
2026-07-21,punjabi_bagh,9.464285714285714,9.08326255604813,8.960746441310013,5.659999999999999,37.72857142857144
2026-07-22,punjabi_bagh,11.441428571428572,8.938530650353778,9.518761768860442,9.464285714285714,26.52857142857143
2026-07-24,punjabi_bagh,7.505714285714285,8.752409791207048,8.81837461079573,10.083333333333334,28.01428571428572
2026-07-25,punjabi_bagh,8.422857142857143,11.360264839457853,9.952719244789614,7.505714285714285,33.58571428571428
2026-07-26,punjabi_bagh,9.584285714285716,12.426853822369768,12.814862780667093,8.422857142857143,56.17142857142857
2026-07-27,punjabi_bagh,9.31,9.138191508080027,9.206742187699572,9.584285714285716,45.54285714285714
2026-07-28,punjabi_bagh,5.078333333333333,10.504397031044693,9.326381630127958,9.31,35.98571428571429
2026-07-29,punjabi_bagh,9.265714285714283,9.731265443937033,9.197908274283245,5.078333333333333,47.94285714285714
2026-07-30,punjabi_bagh,9.912857142857144,8.22443467639676,8.940527576412023,9.265714285714283,22.37142857142857
2026-07-31,punjabi_bagh,10.26142857142857,8.239788595790571,8.996570539383656,9.912857142857144,28.9
2026-08-01,punjabi_bagh,5.725714285714285,10.825031188773325,10.909795702639583,10.26142857142857,38.4
2026-08-02,punjabi_bagh,10.205,11.093843946223126,11.43695164912455,5.725714285714285,30.985714285714288
2026-08-03,punjabi_bagh,7.951666666666667,8.727736735526918,8.639414263410742,10.205,27.985714285714288
2026-08-07,punjabi_bagh,11.474285714285712,15.78893093072784,15.703167347102102,10.697142857142856,40.52857142857143
2026-08-08,punjabi_bagh,9.63714285714286,11.592496047900369,11.868898307651012,11.474285714285712,39.85714285714285
2026-08-09,punjabi_bagh,7.665714285714285,11.187521582954703,10.577696936361964,9.63714285714286,31.77142857142857
2026-08-10,punjabi_bagh,11.567142857142857,12.913911174743685,11.406355056008461,7.665714285714285,41.58571428571429
2026-08-11,punjabi_bagh,16.12857142857143,15.81030111581108,14.418264112078358,11.567142857142857,49.18571428571429
2026-08-12,punjabi_bagh,6.187142857142858,13.528470925904598,13.084444435828342,16.12857142857143,43.65714285714286
2026-08-13,punjabi_bagh,5.94,12.486199401746747,11.35242031760734,6.187142857142858,43.37142857142857
2026-08-14,punjabi_bagh,11.633333333333333,11.896051367405576,10.836243539643503,5.94,57.21428571428572
2026-08-15,punjabi_bagh,11.328571428571427,11.842060812794871,10.601740488394928,11.633333333333333,81.32857142857142
2026-08-16,punjabi_bagh,6.493571428571428,13.604668358841288,11.73725844871774,11.328571428571427,58.771428571428565
2026-08-17,punjabi_bagh,4.682857142857143,11.108786546008849,9.590506571689462,6.493571428571428,59.67142857142857
2026-08-18,punjabi_bagh,12.927142857142856,12.441116015142612,10.668288447641862,4.682857142857143,55.32857142857143
2026-08-19,punjabi_bagh,10.858571428571429,14.048034359031004,13.303997860957859,12.927142857142856,34.82857142857143
2026-08-20,punjabi_bagh,16.465714285714288,11.37349611599095,10.725625076698636,10.858571428571429,38.15714285714286
2026-08-21,punjabi_bagh,3.948,13.32100900997025,14.150851039280187,16.465714285714288,54.385714285714286
2026-08-22,punjabi_bagh,9.294285714285715,10.865707335423673,10.46867820740887,3.948,32.68571428571429
2026-08-23,punjabi_bagh,21.728571428571428,13.819630582107328,11.93278858550081,9.294285714285715,61.22857142857144
2026-08-24,punjabi_bagh,5.928142857142857,18.086983553954585,18.310723222666702,21.728571428571428,63.01428571428572
2026-08-25,punjabi_bagh,14.978571428571428,11.463419105869935,11.4678979228244,5.928142857142857,75.01428571428572
2026-08-26,punjabi_bagh,13.471428571428572,14.058200851982727,14.62131017187333,14.978571428571428,64.51428571428572
2026-08-30,punjabi_bagh,8.951428571428572,10.934432892965344,11.279296346143408,7.160000000000001,117.2
2026-08-31,punjabi_bagh,10.357142857142858,11.806438115967369,12.583857907902171,8.951428571428572,71.85714285714286
2026-09-01,punjabi_bagh,14.367142857142856,12.42834291435569,13.119732720891554,10.357142857142858,47.07142857142857
2026-09-02,punjabi_bagh,8.961428571428572,10.705164912573904,10.81249646360197,14.367142857142856,15.828571428571427
2026-09-03,punjabi_bagh,8.668333333333333,12.456298942547319,13.706001120051555,8.961428571428572,38.271428571428565
2026-09-04,punjabi_bagh,10.05,9.546708604934114,10.078070068312998,8.668333333333333,23.985714285714288
2026-09-05,punjabi_bagh,8.805714285714286,9.525679062781284,10.092379535731823,10.05,29.571428571428573
2026-09-06,punjabi_bagh,5.795714285714285,12.119782847925416,12.59699778896971,8.805714285714286,55.44285714285714
2026-09-07,punjabi_bagh,7.781428571428571,12.077149547609025,12.55020081661425,5.795714285714285,49.25714285714286
2026-09-08,punjabi_bagh,8.615714285714287,11.019453260228607,11.209570950276596,7.781428571428571,63.9
2026-09-14,punjabi_bagh,8.721428571428572,9.947072261277754,10.129785293900035,8.22,42.9
2026-09-15,punjabi_bagh,7.968333333333333,13.665322174868734,13.778852398230441,8.721428571428572,63.271428571428565
2026-09-16,punjabi_bagh,9.785714285714286,11.998972738323788,11.40797819232392,7.968333333333333,39.41428571428571
2026-09-17,punjabi_bagh,9.904285714285717,10.153817946922334,11.721771223114441,9.785714285714286,31.857142857142858
2026-09-18,punjabi_bagh,14.728571428571428,14.45460060747256,15.635169950145889,9.904285714285717,44.84285714285714
2026-09-19,punjabi_bagh,19.35571428571429,16.398656061942024,18.21885969110348,14.728571428571428,63.68571428571429
2026-09-20,punjabi_bagh,21.085714285714285,17.996022888556016,17.437725201974676,19.35571428571429,57.8
2026-09-21,punjabi_bagh,24.4,17.074210066434667,17.202472010006936,21.085714285714285,60.32857142857143
2026-09-22,punjabi_bagh,17.814285714285713,18.255171718052104,18.14787517609356,24.4,59.75714285714286
2026-09-23,punjabi_bagh,8.628571428571428,16.336694891455878,15.285131903800014,17.814285714285713,43.24285714285714
2026-09-24,punjabi_bagh,3.3242857142857143,12.92493954782183,12.995125740358343,8.628571428571428,23.942857142857143
2026-09-25,punjabi_bagh,3.712142857142857,14.781897214769025,14.435121091641378,3.3242857142857143,49.54285714285714
2026-09-26,punjabi_bagh,2.1157142857142857,10.531525830050292,10.443443224143493,3.712142857142857,20.62857142857143
2026-09-27,punjabi_bagh,6.882857142857143,11.659083330570862,11.141484505215322,2.1157142857142857,22.4
2026-09-28,punjabi_bagh,6.71,11.568585787345896,11.521731193623603,6.882857142857143,34.01428571428571
2026-09-29,punjabi_bagh,15.542857142857144,11.942377185719613,12.293785720665756,6.71,48.2
2026-09-30,punjabi_bagh,14.332857142857142,14.261555338571453,13.515979865579533,15.542857142857144,58.67142857142857
2026-10-01,punjabi_bagh,20.057142857142857,15.367386083767489,14.589783758517704,14.332857142857142,63.12857142857143
2026-10-03,punjabi_bagh,14.494285714285716,17.068280061274063,16.559006410809705,17.95714285714286,74.87142857142858
2026-10-04,punjabi_bagh,6.662571428571428,14.692076558955211,14.74225725863434,14.494285714285716,72.34285714285714
2026-10-05,punjabi_bagh,9.82,11.719511791660207,11.65715164961636,6.662571428571428,82.55714285714285
2026-10-06,punjabi_bagh,14.514285714285714,10.418235203851411,10.623410461436775,9.82,78.88571428571429
2026-01-29,ito,188.8571428571429,115.70838333025922,113.71817081861629,133.85714285714286,80.82857142857142
2026-01-30,ito,295.2857142857143,174.92992430320817,166.04276931074398,188.8571428571429,143.44285714285715
2026-01-31,ito,132.55714285714285,127.00391221087764,131.0982215804802,295.2857142857143,93.75714285714284
2026-02-01,ito,166.57142857142858,177.5909458272923,178.04882787346554,132.55714285714285,131.94285714285715
2026-02-02,ito,212.7142857142857,156.42241765133184,161.33524746330036,166.57142857142858,119.2
2026-02-03,ito,274.85714285714283,180.75733010600726,173.54320515060388,212.7142857142857,132.21428571428572
2026-02-04,ito,172.28571428571428,186.34228102991182,193.02672230381648,274.85714285714283,73.67142857142858
2026-02-05,ito,137.57142857142858,137.1542924837654,139.59755808304345,172.28571428571428,65.7
2026-02-06,ito,142.0,131.8568188242291,127.39402828500107,137.57142857142858,58.114285714285714
2026-02-07,ito,113.41428571428573,131.47680832193558,128.0160485033554,142.0,48.471428571428575
2026-02-08,ito,178.42857142857142,179.30139909999016,174.30123856000853,113.41428571428573,104.25714285714288
2026-02-09,ito,227.7142857142857,182.42936337055818,194.03138427578165,178.42857142857142,105.71428571428572
2026-02-10,ito,240.14285714285717,167.63215484806216,176.78359778266045,227.7142857142857,87.92857142857143
2026-02-11,ito,108.72857142857144,154.25917589882508,162.28006121657648,240.14285714285717,50.34285714285714
2026-02-12,ito,124.41428571428573,119.77325780550404,127.6452102365825,108.72857142857144,54.2
2026-02-13,ito,167.8857142857143,152.35630166773532,159.63027515750707,124.41428571428573,74.0
2026-02-14,ito,131.55714285714285,130.20713437623706,128.98404374745675,167.8857142857143,66.1
2026-02-15,ito,146.18571428571428,174.58388639412016,185.6097511408315,131.55714285714285,78.11428571428571
2026-02-16,ito,115.77142857142856,139.3809332001893,137.38888256902055,146.18571428571428,71.41428571428571
2026-02-17,ito,144.04285714285714,93.15206244252413,102.60361690408416,115.77142857142856,43.7
2026-02-18,ito,163.24285714285716,145.7198807365484,159.42631643503816,144.04285714285714,79.7
2026-02-19,ito,178.57142857142858,133.94243478141746,139.04100193366764,163.24285714285716,69.8
2026-02-20,ito,163.28571428571428,136.75580799302514,138.20022716352975,178.57142857142858,71.67142857142856
2026-02-21,ito,121.45714285714288,143.85406603591187,145.1162534392634,163.28571428571428,75.05714285714285
2026-02-22,ito,130.15714285714287,171.13904061739615,176.58622287685245,121.45714285714288,89.61428571428571
2026-02-23,ito,168.0,159.22740418953373,165.64814086165904,130.15714285714287,94.72857142857144
2026-02-24,ito,138.34285714285713,145.6622740586051,153.60069617215217,168.0,82.45714285714287
2026-02-25,ito,108.22857142857144,119.03846598714823,117.32130925857238,138.34285714285713,66.61428571428571
2026-02-26,ito,94.62857142857142,130.48484950788824,129.3508067097988,108.22857142857144,62.08571428571429
2026-02-27,ito,103.11428571428571,120.20392470339664,127.59768561334155,94.62857142857142,75.11428571428571
2026-02-28,ito,105.41428571428573,91.38102780459155,90.27194994797084,103.11428571428571,64.17142857142858
2026-03-01,ito,110.07142857142856,96.73296040265245,93.09208603144718,105.41428571428573,74.47142857142856
2026-03-02,ito,107.3,91.02533657766529,82.55977874362263,110.07142857142856,83.47142857142856
2026-03-03,ito,86.31428571428572,91.44488325494638,88.45521020032024,107.3,76.10000000000001
2026-03-04,ito,83.58571428571429,75.47400313062728,68.02797434739199,86.31428571428572,99.77142857142856
2026-03-05,ito,109.28571428571428,102.37590518931341,93.31430113462807,83.58571428571429,85.22857142857143
2026-03-06,ito,178.47142857142856,136.51999411723207,135.09580073374286,109.28571428571428,100.77142857142856
2026-03-07,ito,131.71428571428572,145.7275763045774,139.4835578907526,178.47142857142856,88.08571428571429
2026-03-08,ito,140.35714285714286,113.45316640477603,104.98455289579047,131.71428571428572,74.41428571428571
2026-03-09,ito,215.14285714285717,136.73914967189998,136.41062337863644,140.35714285714286,122.22857142857144
2026-03-10,ito,120.61428571428571,136.28750377411083,134.97114591867722,215.14285714285717,81.42857142857143
2026-03-11,ito,67.42857142857143,94.28241434098227,96.16363174361103,120.61428571428571,75.0
2026-03-12,ito,89.94285714285715,82.25371780410528,78.272807475542,67.42857142857143,83.60000000000001
2026-03-13,ito,97.64285714285714,76.42638935030587,86.87135137735025,89.94285714285715,65.01428571428572
2026-03-14,ito,37.68571428571429,89.62895945946201,81.3619362158775,97.64285714285714,43.05714285714286
2026-03-15,ito,42.21428571428572,51.6474164100839,50.764793769597816,37.68571428571429,88.8
2026-03-16,ito,109.68571428571428,64.87377270107689,66.77000999241491,42.21428571428572,58.971428571428575
2026-03-17,ito,106.87142857142858,101.78750828284409,103.92342086619331,109.68571428571428,65.42857142857143
2026-03-18,ito,94.3,79.7684290066275,85.13826855217707,106.87142857142858,52.51428571428572
2026-03-19,ito,79.95714285714287,75.83638937244552,74.6211380445376,94.3,42.471428571428575
2026-03-20,ito,113.84285714285714,95.40522297219486,107.02291842514924,79.95714285714287,69.47142857142858
2026-03-21,ito,93.81428571428572,93.11797216372295,100.36940404445488,113.84285714285714,49.02857142857143
2026-03-22,ito,49.24285714285714,97.57203802077292,106.0328889392723,93.81428571428572,55.52857142857143
2026-03-23,ito,85.07142857142857,77.31563353515448,84.02981120418497,49.24285714285714,67.42857142857143
2026-03-24,ito,104.25714285714284,91.333261670955,88.47630175620786,85.07142857142857,55.785714285714285
2026-03-25,ito,87.05714285714285,115.16477201665208,108.67733045078471,104.25714285714284,51.971428571428575
2026-03-26,ito,64.07142857142857,63.08350514881374,60.88352633813302,87.05714285714285,41.22857142857144
2026-03-27,ito,93.65714285714286,78.9100697002352,78.2602956707607,64.07142857142857,38.271428571428565
2026-03-28,ito,85.78571428571429,71.64147965048986,74.88205811633698,93.65714285714286,82.92857142857143
2026-03-29,ito,61.12857142857143,60.649668862633774,62.331521457741935,85.78571428571429,97.41428571428573
2026-03-30,ito,63.271428571428565,72.79502431709001,84.36161373018174,61.12857142857143,39.285714285714285
2026-03-31,ito,56.32857142857143,72.70811719939962,77.83012739637684,63.271428571428565,67.11428571428571
2026-04-01,ito,87.37142857142858,74.13620025258227,81.48090982961192,56.32857142857143,40.31428571428571
2026-04-02,ito,39.31428571428571,66.90427869377274,60.64188172511739,87.37142857142858,125.22857142857144
2026-04-03,ito,67.42857142857143,64.61658302250412,63.91683255889544,39.31428571428571,39.114285714285714
2026-04-04,ito,60.5,63.08901048176863,64.04053030751443,67.42857142857143,48.72857142857144
2026-04-05,ito,58.54285714285714,75.7143614690866,80.40814830257092,60.5,58.24285714285714
2026-04-06,ito,56.41428571428571,42.86189509510577,47.44815345284958,58.54285714285714,77.68571428571428
2026-04-07,ito,44.58571428571429,49.19355587019481,53.637070582151885,56.41428571428571,45.44285714285714
2026-04-08,ito,44.81428571428571,54.68454281863419,58.524697668630765,44.58571428571429,52.65714285714286
2026-04-09,ito,51.07142857142857,40.38027490857317,37.788103330096604,44.81428571428571,92.87142857142858
2026-04-10,ito,36.44285714285714,36.55796467109686,38.206436081667256,51.07142857142857,86.25714285714285
2026-04-11,ito,68.98571428571428,47.54842616538777,50.73240191328934,36.44285714285714,64.91428571428573
2026-04-12,ito,76.28571428571429,55.851576120967415,54.61176667954741,68.98571428571428,47.71428571428572
2026-04-13,ito,67.38571428571429,61.999943907970156,68.33217318825596,76.28571428571429,40.871428571428574
2026-04-14,ito,103.95714285714288,55.942737608493054,62.50349764702665,67.38571428571429,36.24285714285714
2026-04-15,ito,117.28,79.99579932044064,87.46786317540538,103.95714285714288,44.57142857142857
2026-04-16,ito,104.58571428571427,91.86400541026194,97.40094314443917,117.28,65.07142857142857
2026-04-17,ito,89.16666666666667,79.13338562303342,76.16198053914951,104.58571428571427,87.84285714285714
2026-04-18,ito,150.95714285714286,68.47716963122562,73.38184548116799,89.16666666666667,64.11428571428571
2026-04-19,ito,56.71428571428572,72.79029426513755,77.43785892457419,150.95714285714286,88.44285714285715
2026-04-20,ito,69.05714285714285,65.05303246500188,67.5712894843934,56.71428571428572,66.77142857142857
2026-04-21,ito,71.71428571428571,71.77364780004368,75.71944238082,69.05714285714285,65.55714285714285
2026-04-22,ito,22.814285714285717,82.2313736149079,88.43334284946611,71.71428571428571,51.55714285714286
2026-04-23,ito,60.26666666666667,70.86350549675936,73.70698429228514,22.814285714285717,53.785714285714285
2026-04-24,ito,86.54285714285713,87.26445127630677,75.22579120243509,60.26666666666667,90.65714285714286
2026-04-25,ito,79.67142857142858,79.21192032228305,73.36723459709134,86.54285714285713,94.77142857142856
2026-04-26,ito,87.62857142857142,90.82041048849909,92.86563161656649,79.67142857142858,62.885714285714286
2026-04-27,ito,35.01428571428571,75.79885503629448,65.49573158834274,87.62857142857142,121.41428571428573
2026-04-28,ito,33.214285714285715,71.09089073881346,63.95876827777596,35.01428571428571,45.271428571428565
2026-04-29,ito,45.57142857142857,63.95967799562111,63.14623416830633,33.214285714285715,74.32857142857142
2026-04-30,ito,44.01428571428572,48.86815010179158,50.41816231772479,45.57142857142857,78.91428571428571
2026-05-01,ito,71.52857142857142,71.77922604422197,68.0310957144289,44.01428571428572,81.42857142857143
2026-05-02,ito,57.25714285714286,61.917537660788966,59.07885007246668,71.52857142857142,106.85714285714286
2026-05-03,ito,28.2,41.11977924075505,36.96864564921702,57.25714285714286,40.31428571428571
2026-05-04,ito,55.31428571428573,44.59642880926593,40.81447360303858,28.2,37.385714285714286
2026-05-05,ito,80.24285714285715,66.92388325485173,63.51520572172499,55.31428571428573,51.92857142857143
2026-05-06,ito,38.74285714285714,57.227138353104976,51.291398017579596,80.24285714285715,96.54285714285712
2026-05-07,ito,50.285714285714285,54.47400134138903,46.49707436478097,38.74285714285714,73.39999999999999
2026-05-08,ito,54.285714285714285,64.21261984214136,60.666677839652394,50.285714285714285,55.52857142857143
2026-05-09,ito,63.971428571428575,66.28543183724057,60.689969297116654,54.285714285714285,67.07142857142857
2026-05-10,ito,66.65714285714286,73.70600640593831,69.63689285283805,63.971428571428575,66.52857142857144
2026-05-11,ito,72.8,55.98188851970289,51.51542054210645,66.65714285714286,97.05714285714284
2026-05-12,ito,76.91428571428571,70.79047532162383,66.72946549358622,72.8,105.62857142857142
2026-05-13,ito,37.5,87.36757404617957,84.73033046864849,76.91428571428571,139.42857142857142
2026-05-14,ito,37.01428571428572,60.343678684368086,51.13189666530416,37.5,95.02857142857144
2026-05-15,ito,69.62857142857142,63.68885946800971,57.49813992690579,37.01428571428572,115.85714285714286
2026-05-16,ito,53.957142857142856,60.93399228855265,48.427761723766665,69.62857142857142,116.57142857142856
2026-05-17,ito,50.71428571428572,57.551935917085494,51.3058410192392,53.957142857142856,113.07142857142856
2026-05-18,ito,32.68571428571429,56.37796848895573,44.794526697077984,50.71428571428572,102.98571428571428
2026-05-19,ito,35.471428571428575,47.75287374772678,38.861077613299045,32.68571428571429,79.3
2026-05-20,ito,24.5,42.574961398501486,34.622521381729946,35.471428571428575,205.07142857142856
2026-05-21,ito,35.528571428571425,38.55205266928266,32.45430256538961,24.5,142.62857142857143
2026-05-22,ito,31.185714285714287,41.8076106069327,36.044603940796854,35.528571428571425,97.45714285714284
2026-05-23,ito,39.22857142857144,46.888828486971924,39.042732760376936,31.185714285714287,119.85714285714286
2026-05-24,ito,25.928571428571427,41.34378702712651,32.76320841759495,39.22857142857144,147.54285714285714
2026-05-25,ito,48.55714285714286,36.565193282247826,34.40103831547483,25.928571428571427,118.45714285714288
2026-05-26,ito,63.771428571428565,50.125738437739685,47.39083299775272,48.55714285714286,105.72857142857144
2026-05-27,ito,69.18571428571428,44.697554489011196,41.3903862594404,63.771428571428565,179.0142857142857
2026-05-28,ito,37.32857142857143,56.16524837239822,51.97419107877592,69.18571428571428,135.14285714285714
2026-05-29,ito,26.47142857142857,47.0906906344656,40.799600540867814,37.32857142857143,82.54285714285713
2026-05-30,ito,38.51428571428572,43.45103547704565,43.598518480634375,26.47142857142857,66.94285714285715
2026-05-31,ito,43.142857142857146,50.87970347470075,44.32653634108684,38.51428571428572,56.41428571428571
2026-06-01,ito,48.07142857142857,50.54531224383553,47.79698088899376,43.142857142857146,60.24285714285714
2026-06-02,ito,54.07142857142857,62.690602520916016,63.68514718787361,48.07142857142857,59.94285714285714
2026-06-03,ito,62.05714285714286,57.82020907826556,57.65910986101516,54.07142857142857,82.14285714285714
2026-06-04,ito,35.2,52.03361591997093,49.88255999625745,62.05714285714286,91.11428571428571
2026-06-05,ito,54.9,59.82141397597216,55.350300695673994,35.2,91.04285714285712
2026-06-06,ito,31.15714285714285,53.56788941654557,52.55754494698796,54.9,107.62857142857142
2026-06-07,ito,32.17142857142857,32.43455270624904,33.201407614280605,31.15714285714285,102.4
2026-06-08,ito,32.55714285714286,33.78020209885839,37.704925628582174,32.17142857142857,105.3
2026-06-09,ito,29.24285714285714,35.341928791155226,33.21041456277937,32.55714285714286,147.5
2026-06-10,ito,35.82857142857143,33.785853123031856,31.551097321003276,29.24285714285714,194.7142857142857
2026-06-11,ito,27.6,26.14418541574822,28.136021731923627,35.82857142857143,54.62857142857143
2026-06-12,ito,38.471428571428575,39.903935193655016,42.491755810728264,27.6,109.85714285714286
2026-06-13,ito,43.84285714285714,39.974770393084704,40.235102036107406,38.471428571428575,102.65714285714286
2026-06-14,ito,27.74285714285714,39.32083966422071,38.20674894337721,43.84285714285714,80.92857142857143
2026-06-15,ito,42.71428571428572,35.858874221740386,36.59371264182576,27.74285714285714,108.65714285714286
2026-06-16,ito,46.84285714285714,39.987038473495915,36.778149410520314,42.71428571428572,114.08571428571427
2026-06-17,ito,48.91428571428571,45.19845627959862,45.1938449643775,46.84285714285714,74.41428571428571
2026-06-18,ito,35.7,43.862257318506366,41.59434892586841,48.91428571428571,139.0857142857143
2026-06-19,ito,46.58571428571429,37.253890097155285,38.02304312162934,35.7,100.37142857142858
2026-06-20,ito,25.61428571428572,41.45345251786419,37.619217949209634,46.58571428571429,127.65714285714286
2026-06-21,ito,22.985714285714288,30.912457460167964,30.596352876000335,25.61428571428572,127.38571428571429
2026-06-22,ito,48.94285714285714,31.705829291099825,36.93341844274277,22.985714285714288,70.78571428571429
2026-06-23,ito,33.128571428571426,38.575468987232476,38.340715687999676,48.94285714285714,96.77142857142856
2026-06-24,ito,40.3,36.03050099452758,32.30958714761441,33.128571428571426,105.77142857142856
2026-06-25,ito,31.82857142857143,37.17387315779893,39.86282736499777,40.3,68.85714285714286
2026-06-26,ito,41.385714285714286,35.64125347899122,33.67624404054735,31.82857142857143,104.22857142857144
2026-06-27,ito,34.58571428571428,37.29963679288299,37.275870952302064,41.385714285714286,72.02857142857142
2026-06-28,ito,27.8,41.09020718696986,36.24770087567001,34.58571428571428,102.82857142857142
2026-06-29,ito,25.6,32.35042590178786,34.25453420432879,27.8,224.5142857142857
2026-06-30,ito,44.41428571428571,31.116912627346146,31.4281393718817,25.6,53.07142857142857
2026-07-01,ito,28.65714285714285,46.697127955543756,41.584729896443314,44.41428571428571,52.8
2026-07-02,ito,58.7,35.513136018098486,36.57019596377433,28.65714285714285,28.82857142857143
2026-07-03,ito,57.0,49.355314952624035,55.44184876662197,58.7,40.08571428571429
2026-07-04,ito,82.64285714285714,39.81908723350072,40.14538824731221,57.0,33.885714285714286
2026-07-05,ito,43.55714285714286,51.24668043149317,56.21885555563433,82.64285714285714,23.885714285714283
2026-07-06,ito,66.25714285714285,51.12796229468253,45.58871394835881,43.55714285714286,43.34285714285714
2026-07-07,ito,49.55714285714286,35.6128639248947,37.855356803917736,66.25714285714285,32.27142857142857
2026-07-08,ito,9.128571428571428,31.233880477791264,35.372285097456924,49.55714285714286,27.67142857142857
2026-07-09,ito,44.4,25.699784437048727,25.303276798534007,9.128571428571428,52.8
2026-07-10,ito,38.24285714285714,41.70552752610374,42.737197044164056,44.4,138.72857142857143
2026-07-11,ito,31.47142857142857,29.35065931839013,29.233945567609226,38.24285714285714,207.3571428571429
2026-07-12,ito,35.67142857142857,32.58989220833509,35.68950170240825,31.47142857142857,123.85714285714286
2026-07-13,ito,32.17142857142857,35.274128396235525,32.61228046371743,35.67142857142857,102.92857142857144
2026-07-14,ito,31.5,28.35307275578268,28.57641061655312,32.17142857142857,95.95714285714288
2026-07-15,ito,37.52857142857143,31.050548643654764,28.124466562828648,31.5,116.95714285714288
2026-07-16,ito,32.82857142857143,35.00896988114697,34.33460705655283,37.52857142857143,117.28571428571428
2026-07-17,ito,30.414285714285715,30.352390342812754,32.14081900971192,32.82857142857143,136.0142857142857
2026-07-18,ito,39.34285714285714,30.05324916473785,31.65615264626618,30.414285714285715,89.65714285714286
2026-07-19,ito,55.44285714285714,38.12467071217059,40.88919516570177,39.34285714285714,38.471428571428575
2026-07-20,ito,39.75714285714286,36.049431270760174,36.90627116439217,55.44285714285714,15.4
2026-07-21,ito,45.642857142857146,33.62103062710828,34.108235816012794,39.75714285714286,37.72857142857144
2026-07-22,ito,39.271428571428565,34.71870056705933,35.745474294625446,45.642857142857146,26.52857142857143
2026-07-23,ito,44.68571428571429,32.94102445735458,32.525648273641295,39.271428571428565,25.857142857142858
2026-07-24,ito,45.68571428571429,33.0602257597206,32.97819133268136,44.68571428571429,28.01428571428572
2026-07-25,ito,41.31428571428571,48.08935875219931,44.68245701426791,45.68571428571429,33.58571428571428
2026-07-26,ito,39.07142857142857,64.15815933259977,65.52122270146464,41.31428571428571,56.17142857142857
2026-07-27,ito,36.8,35.57423615587348,37.39546752334744,39.07142857142857,45.54285714285714
2026-07-28,ito,67.28571428571429,46.32972717703743,41.62933821565998,36.8,35.98571428571429
2026-07-29,ito,55.58571428571429,52.43892910940277,53.50850705966354,67.28571428571429,47.94285714285714
2026-07-30,ito,34.785714285714285,31.35131340641233,34.10820784200138,55.58571428571429,22.37142857142857
2026-07-31,ito,47.3,30.160997263514357,30.92374408928651,34.785714285714285,28.9
2026-08-01,ito,56.98571428571428,41.976389498575784,41.89324385075666,47.3,38.4
2026-08-02,ito,43.75714285714286,42.27101720479536,44.11672918678107,56.98571428571428,30.985714285714288
2026-08-03,ito,23.585714285714285,29.177060954039096,29.980782232337145,43.75714285714286,27.985714285714288
2026-08-04,ito,61.35714285714285,47.33609968259388,52.60476154567749,23.585714285714285,42.771428571428565
2026-08-05,ito,39.94285714285714,43.77379124686024,42.69526537693093,61.35714285714285,54.55714285714286
2026-08-06,ito,40.35714285714285,32.69159054588424,30.925326427004816,39.94285714285714,34.628571428571426
2026-08-07,ito,54.55714285714286,50.64705600982887,51.721753322688656,40.35714285714285,40.52857142857143
2026-08-08,ito,57.614285714285714,44.911350721949184,46.94627370820225,54.55714285714286,39.85714285714285
2026-08-09,ito,56.142857142857146,45.160048701380745,48.59105271268011,57.614285714285714,31.77142857142857
2026-08-10,ito,70.2,44.73655070843488,43.62797033275793,56.142857142857146,41.58571428571429
2026-08-11,ito,60.91428571428571,54.48436149059363,54.983137389365304,70.2,49.18571428571429
2026-08-12,ito,46.57142857142857,48.882712164646655,50.42439633283168,60.91428571428571,43.65714285714286
2026-08-13,ito,39.92857142857143,50.727128888114464,54.84710162595475,46.57142857142857,43.37142857142857
2026-08-14,ito,64.1,48.777436977283735,47.197468090148725,39.92857142857143,57.21428571428572
2026-08-15,ito,36.55714285714286,44.11207764954859,42.7055727139571,64.1,81.32857142857142
2026-08-17,ito,32.22857142857143,52.70578217024689,57.55208243805092,36.153333333333336,59.67142857142857
2026-08-18,ito,42.371428571428574,46.629242440702996,50.22973142410492,32.22857142857143,55.32857142857143
2026-08-19,ito,41.86666666666667,47.43421708768369,47.63498637354925,42.371428571428574,34.82857142857143
2026-08-20,ito,35.68571428571429,44.10621438110486,42.346665439675974,41.86666666666667,38.15714285714286
2026-08-21,ito,33.77142857142857,41.93109429815547,40.95102999413013,35.68571428571429,54.385714285714286
2026-08-22,ito,38.12857142857143,39.807907003957965,37.555665331455124,33.77142857142857,32.68571428571429
2026-08-23,ito,47.18571428571429,44.15421251948893,42.04166234354692,38.12857142857143,61.22857142857144
2026-08-24,ito,47.82857142857143,63.12444753800907,64.5406936440513,47.18571428571429,63.01428571428572
2026-08-25,ito,83.61428571428571,48.01684224647669,52.32028876031988,47.82857142857143,75.01428571428572
2026-08-26,ito,52.385714285714286,67.96714787879901,67.40450370007042,83.61428571428571,64.51428571428572
2026-08-27,ito,32.285714285714285,53.32461595022872,49.72371935316819,52.385714285714286,79.65714285714286
2026-08-28,ito,28.47142857142857,36.32645556881117,36.595826468307195,32.285714285714285,113.45714285714288
2026-08-29,ito,27.7,37.68138497886311,39.6318076394477,28.47142857142857,104.6
2026-08-30,ito,27.67142857142857,34.40980560659741,33.516295434260485,27.7,117.2
2026-08-31,ito,29.728571428571428,40.57575887606606,40.461382986500034,27.67142857142857,71.85714285714286
2026-09-01,ito,53.0,39.64525410882661,42.38075741921521,29.728571428571428,47.07142857142857
2026-09-02,ito,45.75714285714286,34.89998600443746,35.61259595284197,53.0,15.828571428571427
2026-09-03,ito,41.98571428571428,41.15921581255471,45.052535431513256,45.75714285714286,38.271428571428565
2026-09-04,ito,38.62857142857143,30.2086097918919,31.634008812767398,41.98571428571428,23.985714285714288
2026-09-05,ito,38.35714285714285,33.47047835678768,32.64663733722945,38.62857142857143,29.571428571428573
2026-09-06,ito,66.97142857142856,42.569998365477524,46.96678055782769,38.35714285714285,55.44285714285714
2026-09-07,ito,39.642857142857146,51.146591606846876,48.622592690214596,66.97142857142856,49.25714285714286
2026-09-08,ito,30.442857142857143,41.34341185588643,38.62892017630215,39.642857142857146,63.9
2026-09-09,ito,32.72857142857143,42.554418264574544,41.17977011693801,30.442857142857143,56.72857142857144
2026-09-10,ito,69.71428571428571,43.37699261253873,41.73172245005878,32.72857142857143,68.2
2026-09-11,ito,38.442857142857136,36.487857753150124,39.996257938257386,69.71428571428571,19.67142857142857
2026-09-12,ito,37.44285714285714,33.867764725419455,35.1601631889263,38.442857142857136,26.214285714285715
2026-09-13,ito,46.22857142857144,34.36192598176298,37.35214183346768,37.44285714285714,23.15714285714285
2026-09-14,ito,59.05714285714286,43.51842057710319,45.84940867422356,46.22857142857144,42.9
2026-09-15,ito,44.67142857142857,63.57612166833831,65.75827432528689,59.05714285714286,63.271428571428565
2026-09-16,ito,46.41428571428571,45.716127148518964,48.17830999998792,44.67142857142857,39.41428571428571
2026-09-17,ito,40.871428571428574,40.41850550239663,46.36213614425975,46.41428571428571,31.857142857142858
2026-09-18,ito,70.61428571428571,62.74735194822773,67.76700616674404,40.871428571428574,44.84285714285714
2026-09-19,ito,121.34285714285714,68.05245024252386,74.7847569378366,70.61428571428571,63.68571428571429
2026-09-20,ito,76.37142857142858,86.29321393223607,88.30570989534081,121.34285714285714,57.8
2026-09-21,ito,92.8,85.58928297618438,90.59829455902357,76.37142857142858,60.32857142857143
2026-09-22,ito,97.31428571428572,97.29936850569992,97.4261392497838,92.8,59.75714285714286
2026-09-23,ito,49.15714285714286,80.74339405774629,76.8611205380105,97.31428571428572,43.24285714285714
2026-09-24,ito,15.914285714285716,49.39174801822023,48.36394555337923,49.15714285714286,23.942857142857143
2026-09-25,ito,33.3,46.36049129431607,44.39254411410417,15.914285714285716,49.54285714285714
2026-09-26,ito,28.385714285714283,38.75129270265825,37.42911663338901,33.3,20.62857142857143
2026-09-27,ito,42.85714285714285,41.02906753858438,37.44620961655516,28.385714285714283,22.4
2026-09-28,ito,58.9,40.55136590434268,42.12160871845215,42.85714285714285,34.01428571428571
2026-09-29,ito,57.41428571428571,47.28149348633111,44.5595282952614,58.9,48.2
2026-09-30,ito,52.771428571428565,48.17310133555538,43.23377451388537,57.41428571428571,58.67142857142857
2026-10-01,ito,54.41428571428571,46.89943280513977,43.64458736388089,52.771428571428565,63.12857142857143
2026-10-02,ito,56.371428571428574,45.426235772760585,47.072735443592755,54.41428571428571,63.971428571428575
2026-10-03,ito,41.91428571428571,46.16925167292352,51.8084958046422,56.371428571428574,74.87142857142858
2026-10-04,ito,32.01428571428571,37.709383933985166,39.278571690789065,41.91428571428571,72.34285714285714
2026-10-05,ito,49.785714285714285,54.79369729976576,52.20962853214704,32.01428571428571,82.55714285714285
2026-10-06,ito,65.57142857142857,44.85397478388472,44.36246317220821,49.785714285714285,78.88571428571429
2026-10-07,ito,60.3,48.36588009104011,50.318018783343845,65.57142857142857,87.15714285714286
